entry_time,entry_price,rsi_14,bb_pct,ret_1d,ret_3h,ret_1h,stablecoin_z,atr_pct,volume_z,oi_z,funding_z,taker_z,hour_of_day,day_of_week,is_weekend,candle_body,upper_wick,lower_wick,close_vs_ma21,close_vs_ma200,trend_slope_3h,exit_reason,return_pct,hours_held,is_winner
2026-02-24 19:00:00+00:00,64435.03,76.40161318488632,0.8231004719241789,0.0021763711387026152,0.0026376507962591056,-4.6558504018801017e-07,1.4234371605213982,0.008292383816691026,-0.6909096309341228,-0.02865750639762555,-0.5095292412462347,0.7039446680633328,19,1,0,-4.060171746091135e-05,0.6253882539230045,0.37457114435933164,0.011290596659866273,-0.03802257484592554,0.0016708302921562446,TP,0.02,6,True
2026-02-25 03:00:00+00:00,65391.73,77.20508436452926,0.8735586766596285,0.028244446817078828,0.01817738768659205,-0.007484272176159545,1.8845245359987455,0.01018604121871156,-0.3013296119075078,-0.9334498961662887,1.095775372715705,0.7384878226692991,3,2,0,-0.8142637758217849,0.11729057613234616,0.06844564804570379,0.0209168180628334,-0.02172063455439264,-0.0038614974707047566,TP,0.02,11,True
2026-02-25 05:00:00+00:00,64882.76,60.95706586607711,0.6702191041147798,0.028174881811666053,-0.015209419224425424,-0.008787773654522435,1.8845245359987455,0.00969938481567148,-0.24645551003102556,-1.3033805376803034,1.1084161957765137,-0.12784679158286066,5,2,0,-0.7609497982669807,0.07038825319133843,0.16866194854154853,0.010150165740821643,-0.02882266891794794,-0.0039222283392383395,TP,0.02,7,True
2026-02-25 06:00:00+00:00,64898.22,58.17239134476176,0.6557126141798667,0.02877853056277324,-0.007546978799918613,0.00023827593030878447,1.8845245359987455,0.00916756378570277,-0.902146559228084,-1.1432873984685499,0.9604093358562372,-0.06386226557283568,6,2,0,0.05982343374892845,0.8743901494614361,0.06578641678924824,0.009157715092013324,-0.028322715741035346,-0.004312676064150883,TP,0.02,6,True
2026-02-25 07:00:00+00:00,65028.3,60.221782298353354,0.6735491204632899,0.02904342509038993,-0.006564362883736519,0.0020043693031950305,1.8845245359987455,0.009077685078211004,-0.41572779302854423,-1.0208218618067715,0.8321586957579086,0.003670195904412776,7,2,0,0.3156745213191212,0.40029606620224034,0.2840294124783958,0.009876456969732316,-0.026093388722875532,0.0011190512438429402,TP,0.02,6,True
2026-02-25 08:00:00+00:00,65530.49,62.91150311048905,0.801928372818202,0.03373193684076026,0.00998308333369291,0.007722637682362921,1.8845245359987455,0.009012260661302196,-0.40262615367842025,-0.20868667857127368,-0.6689955036532081,0.14287864717059814,8,2,0,0.7957628192937818,0.08933891107306353,0.1148982696329961,0.015944816963863833,-0.018326162283039623,0.004824242882969432,TP,0.02,6,True
2026-02-25 09:00:00+00:00,65558.71,63.15704430173156,0.7980787790710858,0.03650150774727412,0.01017732073391242,0.00043063923373698465,1.8845245359987455,0.008794352856720757,-0.6049797692021959,-0.018231992057288003,-0.7125622721541802,0.2210050149617626,9,2,0,0.09532331588719982,0.452169508694737,0.45250717541772556,0.01444287638280036,-0.017678310708427,0.0040453053453920595,TP,0.02,5,True
2026-02-25 10:00:00+00:00,65400.87,60.568580689375146,0.7239667539227724,0.03344215408196316,0.005729351682267625,-0.002407612962488148,1.8845245359987455,0.008848102042504493,-0.9383257737167934,0.08350077910679157,-0.7896493782252032,0.11568373708153336,10,2,0,-0.5196549680646246,0.2964048199116601,0.183940212023386,0.01013904569490072,-0.019790915040960647,-0.0009909654107046963,TP,0.02,4,True
2026-02-26 05:00:00+00:00,68443.81,61.6051538457881,0.6182928842105528,0.054884379147865925,0.0027302514231046793,-0.0018601060267727787,1.5977986317453197,0.011615189995163278,-0.9169497341648415,-1.1659115945785963,0.691030399107151,-1.3873722045066728,5,3,0,-0.28741071227376913,2.2533180095899415e-05,0.7125667545459097,0.010068264990829889,0.02569057125847623,0.0016579293291823485,SL,-0.015,9,False
2026-02-28 18:00:00+00:00,65911.84,51.652642073769044,0.7693804953630765,0.009141578411985263,0.016512037566250193,0.00716994521307357,1.3526423020608762,0.013010842534946254,-0.11430948803130478,0.3132093920936569,1.084885070912365,0.8703300782504915,18,5,1,0.4827916165076457,0.25287320842462563,0.2643351750676257,0.015432185463326488,-0.008646716172854969,0.006201768908287195,TP,0.02,4,True
2026-02-28 19:00:00+00:00,66362.01,54.87931143597532,0.8674808002266158,0.014830978260703231,0.019474977071725075,0.006829880640564667,1.3526423020608762,0.013820633220723738,0.2623377397406782,0.2616772002701733,1.0276840685973125,0.7667667962268502,19,5,1,0.4231015037593521,0.28631578947365677,0.29058270676689707,0.02182472192330043,-0.0018040972050371844,0.006927080719827412,TP,0.02,3,True
2026-02-28 20:00:00+00:00,66959.62,80.56961436135786,0.9676380242538312,0.02080885535364385,0.02318061226766277,0.009005302883381638,1.3526423020608762,0.011990531436280993,-0.06212528718494124,0.9691158445529364,1.065357604700616,0.20964072190572527,20,5,1,0.6218173494125746,0.19983976193199163,0.17834288865532968,0.030205080154001394,0.007229058303860857,0.00782396913244127,TRAIL,0.0018336424250914036,3,True
2026-02-28 21:00:00+00:00,66723.22,75.19540829635531,0.8810506885999505,0.018246207437203177,0.012310079645781569,-0.003530485985434151,1.3526423020608762,0.01138847487105261,0.08385624786462487,0.8446672811969748,1.0000475647589446,-0.008416118071130428,21,5,1,-0.34404924760597444,0.13960764909622367,0.5163431032976563,0.025980731322920007,0.0036789685182394213,0.002706778839510464,TRAIL,0.005383133487862141,2,True
2026-02-28 22:00:00+00:00,67103.64,81.41971889494671,0.9234815856903804,0.022329294361390417,0.01117552045213821,0.0057014634485565985,1.3526423020608762,0.01205357222691007,0.646388211443018,0.8589554143102541,0.8758909914824268,-0.12347193106196581,22,5,1,0.3304522316231803,0.5701627894855258,0.09938497889120701,0.03082397357143192,0.009398826983640545,0.001073116152864317,SL,-0.015,3,False
2026-02-28 23:00:00+00:00,66973.26,78.96307791243572,0.8648445008939355,0.016716637240956178,0.0002037048597347546,-0.0019429646439448334,1.3526423020608762,0.011909614587758084,-0.5737537845762525,0.8735741065918947,0.7708314869504065,-0.2728209972494983,23,5,1,-0.2737312868750528,0.22333970226966238,0.5029290108550748,0.028059962676829902,0.007483799888337156,0.001866715163633904,TRAIL,0.008133546134681443,4,True
2026-03-01 00:00:00+00:00,66791.29,75.04214363413104,0.8061829601884106,0.012879348518394895,0.0010201845774229223,-0.0027170545378857325,1.3151776922285465,0.011835129571963235,-0.45232409079780495,2.090062214808162,1.4311714183306319,-2.2338309234340334,0,6,1,-0.3629962098543064,0.296309595052818,0.3406941950926761,0.024522366458302955,0.00482230546293198,-0.002338253984913433,TP,0.02,2,True
2026-03-01 01:00:00+00:00,67339.36,79.44869841867117,0.8695997022685519,0.023855730757745608,0.0035127751639105753,0.00820571065478748,1.3151776922285465,0.012952709126685254,1.1107351578646087,1.757121638521228,1.530432397660684,-2.143403548959978,1,6,1,0.330043357822457,0.2191737926050724,0.4507828495724104,0.031666202713764566,0.013088467653880312,0.0027183210532442208,TRAIL,0.0026526848488017916,2,True
2026-03-01 02:00:00+00:00,67620.65,79.81703300884186,0.8781571668281924,0.02515905958554665,0.009666395215045531,0.004177200377312618,1.3151776922285465,0.013538077073032756,1.3496063687539377,1.4893772618135932,1.3302848474605613,-1.7169060065060038,2,6,1,0.3268419646072753,0.6731580353926084,0.0,0.034443982962237156,0.01734357179145463,0.006132446227594675,SL,-0.015,6,False
2026-03-01 03:00:00+00:00,67502.16,73.61776547457882,0.8218904957155843,0.025908918617173926,0.010643154219659667,-0.0017522753774178446,1.3151776922285465,0.012593882710039006,-0.4471431865412871,1.2974801574658281,1.1854181873385221,-1.4344301049108386,3,6,1,-0.2866716667068965,0.46616504971804645,0.24716328357481515,0.029417194950781368,0.015571896751318981,0.001205887337531242,SL,-0.015,5,False
2026-03-01 04:00:00+00:00,67346.5,81.94083863503676,0.7703630192655057,0.025635363491270713,0.00010603011374032967,-0.0023060002820650682,1.3151776922285465,0.012040470869734466,-0.45177793729824745,-0.2397397228621003,1.8046316376864993,-2.334114960192506,4,6,1,-0.2921656218326037,0.2064266676676593,0.5014077104995492,0.02442433935918495,0.013260774013139309,-0.0020353693213456415,SL,-0.015,5,False
2026-03-01 05:00:00+00:00,67292.09,79.13913347423257,0.7391523378594037,0.0259343388874973,-0.004858870773942536,-0.0008079113242708269,1.3151776922285465,0.01157668435791318,-0.7444826020070314,-0.42575196389329734,1.7157182151227992,-1.8367758850638687,5,6,1,-0.14522888028824188,0.6089683704789453,0.245802749232546,0.020773097565227255,0.012482805300767091,-0.0015608818213254804,SL,-0.015,4,False
2026-03-01 08:00:00+00:00,66560.14,57.54496955475475,0.5220552531623148,0.04863243241880677,-0.010877207113049958,-0.008657104060550425,1.3151776922285465,0.011411280513704271,0.6816028945376643,-0.7089912975310896,1.1192105843130198,-0.10944486586813708,8,6,1,-0.6437201678903282,0.16711518655103916,0.18916464555852192,0.0030655019785235257,0.0017193311295101855,-0.002753449737335391,SL,-0.015,12,False
2026-03-02 14:00:00+00:00,67177.06,56.80803976343496,0.9772521240402989,0.004925517369307464,0.012317419252172446,0.02654415853542802,1.8808897958865394,0.010381998599777106,3.7595552026609815,1.8140442277663404,-1.36327130057173,1.0294009314628,14,0,0,0.8855271207177347,0.022303221859705243,0.09216965742250909,0.014953970019452055,0.015215836194674525,0.009033068729116793,TP,0.02,1,True
2026-03-02 18:00:00+00:00,68877.67,64.62079721445143,0.9034559902591868,0.03861523537840994,-0.003652962091820977,-0.004629180034105063,1.8808897958865394,0.012625385598222795,-0.25059761773923145,1.042075170584223,-1.179686306087714,0.40647663349487045,18,0,0,-0.592852383772481,0.1298304708320665,0.27731714539526736,0.030718911068861543,0.040562841775054495,-0.003999481980154273,SL,-0.015,12,False
2026-03-03 03:00:00+00:00,68377.94,71.95575264886236,0.5595270700226935,0.023315014973803505,-0.010347520612833061,-0.0019592139615486337,2.1882939314314913,0.012572141583340229,-0.7293521640873278,-1.3508944928379882,1.3154804078898896,-1.063735448847163,3,1,0,-0.4214045772767221,0.11876432361155938,0.45983109911140463,0.006368610557710647,0.032100777392125614,-0.002793810401424819,SL,-0.015,5,False
2026-03-03 04:00:00+00:00,68123.2,59.08307188963628,0.49796608478343535,0.018860903602817336,-0.009261342457628996,-0.003725470524558183,2.1882939314314913,0.010986523575773652,-0.7052344266862958,-1.9138005747267308,2.098503430946528,-0.2647807399878932,4,1,0,-0.6297340057350432,0.18958271531687582,0.18068327894783373,0.001134968022353064,0.028199732120668012,-0.0028549011203231928,SL,-0.015,4,False
2026-03-04 05:00:00+00:00,68206.59,56.822012974827956,0.6348391638905982,0.003809397662174252,-0.0017086403721833232,0.006204673531407634,2.546385148508424,0.010484659285017127,-0.6965524144260101,2.011251746199405,1.3411597916180467,2.180907273551796,5,2,0,0.5880732662191546,0.2674077181207691,0.14451901565993644,0.005699536839433769,0.025335588570063947,0.003477596519632328,TP,0.02,2,True
2026-03-04 06:00:00+00:00,68508.02,54.92017966979255,0.7384743495469149,0.005892075570211652,0.011454227088445457,0.004419367688664799,2.546385148508424,0.00950455977896558,0.4965513760334412,1.6655167056580271,1.1516772648331752,1.760360765585258,6,2,0,0.47837747766327454,0.2709599606429884,0.2506625616935783,0.008826560156963861,0.02957421075094361,0.005269602011560051,TP,0.02,2,True
2026-03-04 23:00:00+00:00,72666.77,61.566068317911494,0.6416178967985502,0.06334352775907992,-0.004833080616074903,-0.0005376457963635062,2.546385148508424,0.011194505706371321,-0.36810569304687984,-0.22545264490657183,-0.17177115350664454,-1.1832369072637619,23,2,0,-0.0688398140321021,0.3082206255282647,0.622939560439457,0.017284858441046706,0.08012939737554926,-0.0044239615989536,SL,-0.015,16,False
2026-03-05 00:00:00+00:00,72760.0,64.47089371929276,0.6369443105738918,0.06853563476758828,-0.007498596366211752,0.001282979826955133,2.589614866818367,0.010952583837273247,-0.5220141515629828,-0.8731421952754361,0.42984125461073275,-0.7780273519291127,0,3,0,0.20887196146515924,0.5376946342555016,0.2534334042791152,0.015187408534817566,0.08083283464148011,0.00037204507971419124,SL,-0.015,15,False
2026-03-05 01:00:00+00:00,72538.72,64.68635658338569,0.5820211868055906,0.06043008552006435,-0.0022988518394527757,-0.003041231445849335,2.589614866818367,0.011307222247255397,-0.6684976076111496,-1.3419787129607816,0.5034034975304681,-0.689253073427991,1,3,0,-0.24647997148329004,0.6091320233479706,0.14438800516862801,0.008914099536224622,0.076880383849756,-0.0008826320618836104,TRAIL,0.003913061879227987,13,True
2026-03-05 02:00:00+00:00,72506.19,62.50632563962126,0.5504791291238328,0.06122154760313947,-0.002209813371366276,-0.0004484501518636774,2.589614866818367,0.011118814230107237,-0.8286347720242733,-1.1737935131142803,0.575736715932754,-0.5818278316876155,2,3,0,-0.05611136026493416,0.6516369406974337,0.29225169903745957,0.00559801810876897,0.07575296920787683,-0.001750264356739834,TRAIL,0.004363468829350868,12,True
2026-03-05 03:00:00+00:00,72497.89,61.255292872246386,0.5182831013903609,0.07036077375310423,-0.003602391423859319,-0.00011447298499622782,2.589614866818367,0.011115062402899905,-0.8028905933883638,-1.0354689272111084,0.6585109897544735,-0.4757676254083682,3,3,0,-0.02044440060172001,0.6012971959849657,0.37825840341306777,0.0028403703048906904,0.07498684118500068,-0.00028159440226475447,TRAIL,0.004478454476399169,11,True
2026-03-05 04:00:00+00:00,72815.7,62.68663690385827,0.5880586181465749,0.07419968725105486,0.0038183745177746697,0.004383713788083998,2.589614866818367,0.010380100523847018,-0.7432968650831898,-0.5502781508755131,1.2357370360032172,-2.3054588858990623,4,3,0,0.5019743492544064,0.4191622441242808,0.07886340662115475,0.005036937495626244,0.07903186401216696,0.0021252971543223916,SL,-0.015,11,False
2026-03-05 10:00:00+00:00,73388.92,54.63554874831742,0.7802378269549747,0.02859188338099572,0.018505457598656516,0.010983779250461456,2.589614866818367,0.009028445399426235,-0.11448946388711458,0.20426379951063922,0.9798989965962109,0.8534309336770215,10,3,0,0.765860780528031,0.1625507881162822,0.0715884313555907,0.007962780505583883,0.08374354789491316,0.007189232380037677,SL,-0.015,3,False
2026-03-05 12:00:00+00:00,72890.73,52.57695170600593,0.5381673064743464,0.021741327515909292,0.004120863036613409,-0.0003436841320652029,2.589614866818367,0.00884488329311566,-0.8794519918244109,-3.3030915998075354,-0.1842106580498361,0.321255035805488,12,3,0,-0.06323622146550618,0.37225375204933836,0.5645100264849032,0.0006042956909991674,0.07519932172580476,-0.0034173755702543935,SL,-0.015,3,False
2026-03-08 10:00:00+00:00,67904.14,60.04103287435131,0.899313348814977,0.000351059092098982,0.008678413265852392,0.0032969371019930804,1.8333298887612617,0.005516126956955218,0.054338679752205375,0.09182957810421936,-0.31310972328615605,1.412118688781022,10,6,1,0.42993391264129527,0.5700468199070279,1.9267451484093723e-05,0.007548792851871676,-0.0076711100089542706,0.002686213241195543,SL,-0.015,3,False
2026-03-08 19:00:00+00:00,67337.42,53.14235721202769,0.5923418726623284,0.0038324194540457768,0.006957604922228633,0.007984851206514598,1.8333298887612617,0.006730443701076106,-0.10622808651309851,0.040246966102114014,-0.33897173831100874,-0.33299853586361783,19,6,1,0.7561878030108569,0.20954892121003996,0.03426327577896131,0.0016297382622671131,-0.017792468976527236,0.00202279802225855,SL,-0.015,3,False
2026-03-09 05:00:00+00:00,67911.16,56.74404118853511,0.9165890628402423,0.011336273917188056,0.02064766059107881,0.011634416373926815,2.236612456562963,0.01046700466567539,0.3457024951734611,0.8151893254732712,-0.5789642257434336,0.32422911635219154,5,0,0,0.8157319585471934,0.1653612473464349,0.018906794106267114,0.012798392469671472,-0.010356391724916059,0.005198777343812313,SL,-0.015,2,False
2026-03-09 06:00:00+00:00,67267.18,53.63396347912695,0.6398144630521762,0.001573222285618181,0.0009244840975490831,-0.009482682964037314,2.236612456562963,0.010818659475329782,-0.7145732124140058,0.8073026120112239,-0.479922361916654,0.3285658033521049,6,0,0,-0.916331089830109,0.04041151443573932,0.04325739573400924,0.003489254549140121,-0.019752548969897633,0.0010186245357690917,TRAIL,0.007556569191691976,4,True
2026-03-09 07:00:00+00:00,67555.13,54.431274693269664,0.7825976451271278,0.003494062900559536,0.006330837385412957,0.004280690821289346,2.236612456562963,0.011134535600775243,0.5055719791533647,0.7995085924502146,-0.3798184301434219,0.3329213312382555,7,0,0,0.39864051056992106,0.0286295737405204,0.5727299156894201,0.008034803284002015,-0.01559814774936686,-0.0026351070599673035,TRAIL,0.0032619151202874885,3,True
2026-03-09 08:00:00+00:00,67814.69,59.140047495784344,0.878873055033286,0.004077031856845492,-0.0014205323543288184,0.003842195255933989,2.236612456562963,0.011309780900189696,1.1102233516144129,0.8662990158677798,-1.670859595631162,0.7410144088314495,8,0,0,0.4830820770518294,0.21310254978592605,0.30381537316205837,0.011692433637108842,-0.01188956114161927,0.004036809723674864,TP,0.02,5,True
2026-03-09 09:00:00+00:00,67981.02,56.23423521159617,0.9082409091536843,0.004432854124495789,0.010612010195759858,0.002452713416517982,2.236612456562963,0.01147966426091114,0.37725270757708723,0.8479790825447642,-1.47384594890069,0.7021929213953303,9,0,0,0.18616806948422132,0.5362083631804458,0.27762356733522087,0.013701199044861029,-0.009512312051852921,0.0031324184309091626,TP,0.02,5,True
2026-03-09 11:00:00+00:00,67764.98,56.931049561311134,0.7802556793357508,0.0037025846108271754,-0.0007330270181874488,0.0023199872559704904,2.236612456562963,0.011421006627822894,-0.7969336240220987,0.6379161697160588,-1.1331028209527003,0.4902822048339958,11,0,0,0.30672507186568937,0.17764045602986397,0.5156344721042512,0.00990710816230965,-0.01267803153968873,-0.0015940386907808345,TP,0.02,2,True
2026-03-09 12:00:00+00:00,68151.93,69.23636319804214,0.8880015337731011,0.012286868775688742,0.0025140840781734397,0.005710176554320601,2.236612456562963,0.010504251310271037,-0.1196095284621429,2.9521269978691125,-0.15379128590416416,-0.14924986927347633,12,0,0,0.6572899148956668,0.333503202024788,0.0092068830793753,0.015001296454302213,-0.007098507036630039,0.0039896155545408795,TRAIL,0.009292033255698029,5,True
2026-03-09 15:00:00+00:00,68863.66,74.57807326109344,0.8841967838915251,0.024478924839288485,0.010443284584897405,-0.004162454899749091,2.236612456562963,0.010738008572715584,1.2944929184551432,1.5142967385683388,0.02101027307340103,-0.6285013706232586,15,0,0,-0.5360049161094685,0.19249175992994003,0.27150332396040516,0.021075315931121285,0.002859284420659508,-0.0008156696870307983,TP,0.02,11,True
2026-03-09 17:00:00+00:00,68600.71,64.31822098928747,0.7471502513412523,0.022898829493774864,-0.007964975452448564,-0.005211852879606238,2.236612456562963,0.010283900227021817,-0.46313198915829823,1.1075613098569075,-0.5360079419412598,1.429103336978588,17,0,0,-0.43929597262108555,0.15690276844098616,0.403801258937806,0.01503739150913736,-0.0013038767388864796,-0.0019165253537462585,TRAIL,0.0032182392864444275,5,True
2026-03-09 18:00:00+00:00,68356.37,62.157381795090906,0.6665347832924403,0.023237680378420444,-0.007366584930281195,-0.0035617707163674295,2.236612456562963,0.010330827355853707,0.24218903063823172,0.9592811693028978,-0.43273453060741673,1.2266319858950487,18,0,0,-0.46396020051641523,0.19947212517083496,0.33656767431255985,0.01047062129567779,-0.004997839860198081,-0.004416194130846843,TRAIL,0.006804245163983872,4,True
2026-03-09 19:00:00+00:00,68991.93,61.0334667975952,0.8103663226967411,0.024570439437685554,0.000461281099858768,0.009297743575324313,2.236612456562963,0.010446874003959609,0.8457160174208084,0.8307016852330035,-0.32362401697730386,1.0658349177716084,19,0,0,0.5477643327472193,0.45223566725269454,0.0,0.017891618522044465,0.004068996940297701,0.0028352591382787605,TP,0.02,7,True
2026-03-09 20:00:00+00:00,68961.71,69.77775080356201,0.7789725386811787,0.025623747003218345,0.005262336206141249,-0.00043802224405065093,2.236612456562963,0.010120326192607474,-1.0757059439627137,-0.33237339840011343,-2.3180388695950453,-1.4137105804870258,20,0,0,-0.07888691657089535,0.4003080296542892,0.5208050537745544,0.01531257213536822,0.003434585130323857,0.004388957292387338,TP,0.02,6,True
2026-03-09 21:00:00+00:00,68919.72,66.89698041340245,0.7535820912316491,0.028345415048431244,0.008241367995404092,-0.0006088886136960125,2.236612456562963,0.00983553245511072,-0.6300351951140415,-0.42640873525462547,-2.004055251039472,-1.3898358057663212,21,0,0,-0.09382005933101738,0.32016123553516557,0.5860187051335907,0.012883758512448116,0.002678808731555307,-0.0005238703813653457,TP,0.02,5,True
2026-03-09 22:00:00+00:00,68635.88,60.10757585080097,0.6450015872721567,0.03621974491521329,-0.00516074851073145,-0.004118414874581533,2.236612456562963,0.009768245746352242,-0.4026018094400121,-0.5319993095412157,-1.6628142355103348,-1.1904214399930162,22,0,0,-0.6546498754496213,0.25567395516183755,0.0896761693883105,0.006992831696898564,-0.0015805024571051843,-0.0023736127518144082,TP,0.02,4,True
2026-03-09 23:00:00+00:00,68432.16,55.5021904362145,0.5511460636971041,0.03730355064027946,-0.007678898913614618,-0.0029681268747483447,2.236612456562963,0.009188380350491842,-0.8381094756511468,-0.6641016402706849,-1.4231849028233012,-1.0294066399108146,23,0,0,-0.6570765062570626,0.1898142175202345,0.15310927622238046,0.0026765874672544754,-0.004659026145145789,-0.003562360153471778,TP,0.02,3,True
2026-03-10 03:00:00+00:00,69429.85,54.501685218269834,0.7761252309902423,0.03310465508172378,0.003939999453420606,-0.011984287912071845,2.2309022504812983,0.010249461455390881,-0.2563024646309821,0.17940319082484935,1.4931155821435806,0.30850563046551494,3,1,0,-0.8585832840567541,0.10078910343982876,0.04062761250331519,0.011223100504403876,0.008845317080819062,0.0012231050477570548,TP,0.02,5,True
2026-03-10 04:00:00+00:00,70072.94,58.363831764827836,0.95882200900606,0.043837239129845385,0.011737364750597168,0.009262442594935694,2.2309022504812983,0.010072524837282801,-0.16018930029852735,2.405404434878032,1.6143743787469655,2.253097989431148,4,1,0,0.9155348651802433,0.08446513481961425,0.0,0.018810406962256932,0.017836739509547953,-0.0014204484641289234,TRAIL,0.007336070100669355,7,True
2026-03-10 05:00:00+00:00,69971.34,60.4061447811289,0.876353877342365,0.030336398318037805,-0.00427865945488104,-0.0014499177571257738,2.2309022504812983,0.010018081280543866,-0.6107420322400079,1.9146288647656406,1.3611973218169295,1.7906169534728815,5,1,0,-0.21649089165863605,0.6010653030786103,0.18244380526254064,0.01581644943647961,0.016043274535186596,0.0038693699448944237,TRAIL,0.008798745314867537,6,True
2026-03-10 06:00:00+00:00,69910.91,58.993116050992704,0.832488659732024,0.03930193000509319,0.006928720139824485,-0.000863639312895681,2.2309022504812983,0.009847012024712179,-0.13254461958844793,1.6027842231398497,1.1673719039274961,1.5347029144568527,6,1,0,-0.13904100133444788,0.49215406562043773,0.3688049330448843,0.013586862136686709,0.01482373994539377,-0.0011588320049045074,TRAIL,0.00967073665612415,5,True
2026-03-10 11:00:00+00:00,70580.94,64.72535226247722,0.7918454691353313,0.04155479718285182,-0.0018163080791130382,-0.0027284015438427955,2.2309022504812983,0.009285985301819032,-0.6098452172490597,1.1598800676309535,-0.48628067880406217,0.15509140677536334,11,1,0,-0.5935511634338392,0.28183690406655904,0.12461193249929448,0.014964789473825933,0.0229430215752486,-0.0035277229234974006,SL,-0.015,3,False
2026-03-10 13:00:00+00:00,69921.12,62.80728856652779,0.5604108125722939,0.013702157272094562,-0.012051311469572723,-0.008490374200969875,2.2309022504812983,0.010187714793061511,0.6633000797761589,1.4777239124090398,-0.47548803537038326,-1.6075863595581024,13,1,0,-0.49761886952398354,0.337929372262506,0.16445175821342728,0.0036777070744712322,0.012877481372553203,-0.004718316869066185,TP,0.02,1,True
2026-03-10 16:00:00+00:00,71268.59,58.71288686831929,0.821069112911157,0.03347543478752657,0.01927128741644868,-0.0010872344075701923,2.2309022504812983,0.010915076934413088,-0.13480306491194577,-0.03902565932897359,-2.4848259155809433,-1.55228412908188,16,1,0,-0.10252547278276607,0.4676023206332235,0.42987220658387826,0.01736369176324454,0.03123262213581764,-0.0013976704183428002,SL,-0.015,2,False
2026-03-10 17:00:00+00:00,70868.61,63.63283189495014,0.6899337522629025,0.03305942460362288,-0.008384194226743413,-0.005612290070562631,2.2309022504812983,0.01093485334540719,-0.023578934781336224,-0.25902359226807264,-1.9159151288548797,-1.3501508448318884,17,1,0,-0.4257898995060023,0.1952606029636972,0.37894949753019397,0.010344299085972536,0.02509647541095867,-0.003369263204118263,SL,-0.015,2,False
2026-03-11 13:00:00+00:00,70186.09,52.71343163512672,0.8307285621965601,0.003789556002535388,0.008349843186327366,0.011893693196751487,2.0689562982564906,0.008457964086208955,2.506084430457774,2.05168641160149,0.09855911786994903,0.40990533878117075,13,2,0,0.4686899905689009,0.5142147783698714,0.017095231061170908,0.00486814729901449,0.012921026060868961,0.007217170809771539,TRAIL,0.0012971231194102443,2,True
2026-03-11 18:00:00+00:00,70617.64,55.26175231000762,0.8681810436610825,0.008623577014097439,0.005549503039461001,-0.002378295479091408,2.0689562982564906,0.010049037120389275,-0.29544188985955117,1.3076007764486564,-0.7830755858875906,0.3830602471204187,18,2,0,-0.3506999416714711,0.2277310224147386,0.42156903591358197,0.009768846979234374,0.01797456619572153,0.0003322824155549259,SL,-0.015,8,False
2026-03-11 19:00:00+00:00,70641.82,64.0450749262432,0.8430225800307167,0.008540248413738682,0.0010076418389441955,0.0003424073645055259,2.0689562982564906,0.009626723741181738,-1.045564775511887,1.1328796854158756,-0.7710060835757204,0.5207739124721859,19,2,0,0.06596673029723198,0.2742296154894111,0.6598036542130842,0.009482057535238753,0.018057851109697654,-0.001020429541594648,SL,-0.015,7,False
2026-03-11 20:00:00+00:00,70634.96,59.52597512771778,0.8102038910462722,0.005686005387581128,-0.0021336142928847224,-9.71096158054463e-05,2.0689562982564906,0.009435301483247727,-1.4249431591444914,0.26093223101471213,-2.0047778059394705,1.828423455221085,20,2,0,-0.02240245936484592,0.19030643948059825,0.7872911011542288,0.008912828449829574,0.017721742018787855,0.00012260217886441913,SL,-0.015,6,False
2026-03-11 21:00:00+00:00,70741.26,66.07427016689684,0.8293637656259126,0.014022474087628911,0.0017505541108424616,0.001504920509617147,2.0689562982564906,0.009178195905149884,-1.0279859751479392,0.14849956448535487,-1.6729281562730676,1.8414986790620633,21,2,0,0.38343613606013627,0.12953143599174358,0.48703242794775947,0.009952787312357094,0.01897365222988608,0.0007028430084505858,SL,-0.015,5,False
2026-03-11 22:00:00+00:00,70373.01,59.46670928728076,0.6419409165691446,0.009343305186141793,-0.0038052530356665892,-0.0052055900615849415,2.0689562982564906,0.009654705892013348,-0.08780113525392491,0.039924306326240874,-1.434968775489955,1.5382818316785254,22,2,0,-0.5197961805015833,0.29462080257451423,0.18558301692376125,0.004489323374190689,0.013391651314764849,-0.0018611538713494528,SL,-0.015,4,False
2026-03-11 23:00:00+00:00,70191.86,59.69473568803909,0.5429147555312813,0.0034772661022810514,-0.006273097627577107,-0.0025741402847483386,2.0689562982564906,0.009691437155248487,-0.8489561000091496,-0.09460859241334207,-1.2643524746746153,1.3221130103691472,23,2,0,-0.477754041722571,0.34810243426423776,0.17414352401292751,0.001644138577982756,0.010603597117010342,-0.00391355920757771,TP,0.02,25,True
2026-03-12 00:00:00+00:00,70225.34,58.534156432919126,0.5567105857920432,0.0025764913262027456,-0.007293056414318877,0.00047697838467297693,1.8928217696126362,0.009572999473653573,-0.7645693961740354,-1.8299046224652353,-1.370881276799095,-1.2239721097516632,0,3,0,0.14970488284734862,0.5747182972631985,0.27557681988900584,0.0016635253321141625,0.010936483217946226,-0.001051401103931948,TP,0.02,24,True
2026-03-12 12:00:00+00:00,70381.8,50.176499644563116,0.640634277482018,0.014715302360269966,0.00613687771889837,-0.0006547120310683718,1.8928217696126362,0.006293276711552432,-0.3744034354539199,0.9373121981555256,0.11785575608374788,-2.962776627750375,12,3,0,-0.13547666627476748,0.5576583989654232,0.3068649347595155,0.003659346800559337,0.011792826654552146,-0.0002153255529128309,TP,0.02,12,True
2026-03-12 15:00:00+00:00,70334.88,57.19924269163025,0.6909541915030196,0.0015231835889748524,-0.0006666496168042935,0.010702529627422575,1.8928217696126362,0.008541311833575897,1.060282742435089,0.6184123386062249,-0.22486977271227698,-1.4754123839901312,15,3,0,0.683738949223755,0.21165162628865458,0.10460942448749855,0.004407026228224222,0.010850249534274933,0.0025785925845042733,TP,0.02,9,True
2026-03-12 23:00:00+00:00,70541.34,57.16514277229193,0.8331928807868977,0.0049789249066771735,0.005370950462263657,0.005211210043827075,1.8928217696126362,0.008853936874867527,0.02968559066619737,1.1304334854081397,0.7322610353254612,0.8930164023719475,23,3,0,0.6361106279351838,0.335554009392889,0.028335362671753222,0.007314878960497199,0.014607246271587285,0.0019335470519840216,TP,0.02,1,True
2026-03-13 02:00:00+00:00,71143.8,57.26112610344716,0.8694319786154425,0.026805198583967904,0.008540523897051067,-0.00737508544085097,1.9177276988898866,0.010098018781277132,0.04430846702635561,1.7389377744682764,1.3512331780462303,1.550733026924502,2,4,0,-0.8117513360770464,0.037318017077193066,0.15093064684560692,0.011794872888858632,0.023708024435552064,-0.0023319670863800627,TP,0.02,8,True
2026-03-13 03:00:00+00:00,71405.75,64.05650054318147,0.9283056392281298,0.028210736276399917,-0.0009773963454107193,0.0036819793151334768,1.9177276988898866,0.00971565415150135,-0.10551043863261439,1.449969894875692,1.181125121745159,1.3178260592527016,3,4,0,0.48113658070668547,0.1894056278009991,0.32945779149213167,0.014212296051797467,0.027640348805117346,-0.0018670765309518778,TP,0.02,9,True
2026-03-13 04:00:00+00:00,71393.94,69.07152840771285,0.8742182719914482,0.02914634146341477,-0.0038850385762215778,-0.00016539284301331225,1.9177276988898866,0.008691173828719064,-0.3651951390793353,2.1014655563772946,1.6479864343060722,1.0809895680822954,4,4,0,-0.042250500428895534,0.3145910780668249,0.6431584215039222,0.012970439596017595,0.02759059682192942,0.001751829356945411,TP,0.02,8,True
2026-03-13 05:00:00+00:00,71546.29,64.64212070884709,0.8866696669283874,0.02973134635971464,0.005657414982050302,0.002133934616859623,1.9177276988898866,0.007980038417884965,0.3610116243097102,1.6956616678940413,1.3915281166203881,0.9412121696269025,5,4,0,0.3852144012944127,0.23070894012939763,0.3840766585759369,0.014016061219442856,0.02991411170688247,0.0009821613391834392,TP,0.02,8,True
2026-03-13 06:00:00+00:00,71342.0,61.186241774802255,0.7763046868812367,0.026482328999226423,-0.0008927852448857854,-0.002855354204948868,1.9177276988898866,0.007752175636871844,0.14931940885143136,1.4330500438503166,1.2141066035773598,0.8193320193680858,6,4,0,-0.4945887707913468,0.11364791903733651,0.39176331017107463,0.010173381332451435,0.027074164159877217,-0.0003640211936867577,TP,0.02,6,True
2026-03-13 07:00:00+00:00,71612.22,65.92589390924827,0.8406897610254365,0.025578225018435097,0.0030574023509557513,0.0037876706568360508,1.9177276988898866,0.007688661835328374,0.23721879464389684,1.2387951377398398,1.0793385608606063,0.7115569670312062,7,4,0,0.6188055326553623,0.1386369881835227,0.242557479160886,0.013179726930519243,0.031042648328598054,0.0004603264638352733,TP,0.02,6,True
2026-03-13 08:00:00+00:00,71821.02,73.75671851553976,0.8692034338394365,0.02722713969361279,0.003839891628203418,0.0029157034930631376,1.9177276988898866,0.007918980901611854,1.4353990817009625,2.413090621407406,0.7807269890614265,1.2912214685739456,8,4,0,0.27560489459717075,0.4248188286230398,0.29957627677965737,0.015181042759783232,0.03411876444159115,0.003334817578474994,TP,0.02,5,True
2026-03-13 09:00:00+00:00,72006.57,70.7953005328514,0.8847974973018605,0.029363635414940914,0.00931527010737021,0.0025835054974157057,1.9177276988898866,0.007633321316572686,-0.27795710026835424,1.932374855758159,0.7394824086993226,1.3063351516691977,9,4,0,0.3634440614227059,0.1837198370416218,0.4528361015354765,0.016691898876813417,0.0368301379020254,0.002738291797540094,TP,0.02,4,True
2026-03-13 10:00:00+00:00,72458.12,78.89554352287445,0.9777405974740222,0.029057643635448382,0.011812229812174335,0.006270955553083324,1.9177276988898866,0.007720341468581109,1.015942022623804,1.6023665506607552,0.6300439870683966,1.1511515200228217,10,4,0,0.7779481436814921,0.20304935825649215,0.01900249806184338,0.021360374066312783,0.04333566441485452,0.004396332667753433,TP,0.02,4,True
2026-03-13 11:00:00+00:00,72228.82,73.94035763919463,0.857181853062067,0.025570970372399193,0.005678003459154368,-0.0031645866605425343,1.9177276988898866,0.007757904472401501,-0.744875506365794,1.372618086625361,0.5244323733689895,1.0368096378303198,11,4,0,-0.7194314580650985,0.21339148442149655,0.06717705751309129,0.016328070376134818,0.04005408611513212,0.0015385132970467885,TP,0.02,3,True
2026-03-13 14:00:00+00:00,72382.72,59.355488128101534,0.7442648306610415,0.040129708123671115,0.002130728426686046,-0.013579601189329105,1.9177276988898866,0.008390568119810093,3.6472828491498697,0.6405015840406831,-1.5562488003466988,-1.6483194286378393,14,4,0,-0.6372286953073559,0.3418471101333829,0.020924194559197157,0.013320830326277242,0.04221274409651228,-0.0027769749465065712,SL,-0.015,2,False
2026-03-13 15:00:00+00:00,71831.46,51.52878717689575,0.5728974121297623,0.021277920713023146,-0.01309711528778068,-0.007615906116818949,1.9177276988898866,0.00906832068129636,2.0016986585391465,0.5344472945943533,-1.372794459233077,-1.3934198354252796,15,4,0,-0.5044565237284219,0.4084994234886746,0.08704405278281199,0.004256601183745043,0.034292032148927065,-0.010773273994430671,SL,-0.015,7,False
2026-03-13 16:00:00+00:00,71885.57,57.8444208028155,0.5688785682589115,0.02137518051705878,-0.020354683712736854,0.0007532911067100745,1.9177276988898866,0.009353923782716643,0.9301108520420037,-1.7586232227787428,-0.48852408450786644,-0.93281672260101,16,4,0,0.0572314005880677,0.22679965307889163,0.7159689463329348,0.004041688272351401,0.035104550544367646,-0.003457926256966457,SL,-0.015,6,False
2026-03-15 00:00:00+00:00,70985.28,62.17725175238793,0.8594764214044115,0.005002125807902491,0.002617090765125729,-0.0031830331847393367,1.6031349559779984,0.00319231174205614,0.0006255336790358713,0.15257787138503148,-0.11510414297804002,-0.05325685982957365,0,6,1,-0.8953979853837681,0.034722496543568536,0.06987951807226835,0.0033865631131116364,0.02245756048338343,0.0019325837694799633,TP,0.02,22,True
2026-03-15 01:00:00+00:00,70985.83,57.696121241517325,0.8669034225051842,0.002176003117248415,0.0038879431759539784,7.748085236958246e-06,1.6031349559779984,0.003148888004428887,-0.7561910448289846,0.5694107621696718,-0.0037958119309207065,-0.07340919209370327,1,6,1,0.0030236855367481792,0.2888179629317088,0.7081583515309832,0.0034306407719113395,0.022242357632287726,-0.0015927122356673544,TP,0.02,21,True
2026-03-15 05:00:00+00:00,71489.68,71.95348590235628,0.9365772583024856,0.006701941525408817,0.0005479315548813091,-0.001628906498756133,1.6031349559779984,0.003699315161892694,0.7445826959846145,-0.09969850120935579,-2.0775525725823183,2.10191825389462,5,6,1,-0.3592152273006383,0.5986509794257104,0.04213379327334328,0.00845430385589854,0.02852083193530797,0.0008850228452555099,TP,0.02,17,True
2026-03-15 06:00:00+00:00,71458.41,69.54478079638614,0.8670032594652831,0.011842330330684048,0.0013350029160712484,-0.0004374057905979223,1.6031349559779984,0.003713208844137445,-0.12258300797775962,-0.2033877516510177,-1.6766411829727694,1.6915475886744304,6,6,1,-0.14101407434131022,0.47708408516758566,0.38190184049065307,0.007365452218948273,0.02783889662891301,-0.0010349376651397877,TP,0.02,16,True
2026-03-15 07:00:00+00:00,71453.59,71.34394007424363,0.8248940592608958,0.012138106211226907,-0.002132912290423672,-6.745182267564598e-05,1.6031349559779984,0.0038169630705149104,-0.9207929302380061,-0.3320373116437269,-1.4062500121832888,1.416647478795565,7,6,1,-0.019548994159657187,0.8112832576245929,0.16916774821534447,0.006700675510552987,0.027522779206249827,-0.00025254154479850975,TP,0.02,15,True
2026-03-15 08:00:00+00:00,71717.5,74.14946258827396,0.9384415661444752,0.01603541684050991,0.0031867536685015185,0.003693446333487227,1.6031349559779984,0.003935978965086221,0.06781270733993293,2.3662256023248385,-1.7475359777816872,0.5612272182324544,8,6,1,0.9321159891212727,0.0678840108783741,0.0,0.009764399805173839,0.03106381529303341,0.0018063234217589653,TP,0.02,15,True
2026-03-15 09:00:00+00:00,71791.1,74.63780551687009,0.9209123738024338,0.018296720224177943,0.0046557151215651515,0.0010262488235088796,1.6031349559779984,0.004012922811562205,0.4373086949138329,2.000058007363304,-1.4567244663354115,0.470474211867017,9,6,1,0.32481574650236,0.6592965267660806,0.015887726731118126,0.010116304608846173,0.03186017686406053,0.002350639563957061,TP,0.02,18,True
2026-03-15 10:00:00+00:00,71783.09,73.08866189791857,0.8708554046221797,0.017183540303843836,0.004611384816354258,-0.00011157371874803701,1.6031349559779984,0.004011887956978663,0.033056928672460385,1.6270111302562908,-1.2566603891846198,0.4157132479792886,10,6,1,-0.03915633238941454,0.6253295576600667,0.3355141099500306,0.009370771682490344,0.031490561367388537,0.00045686247276340567,TP,0.02,17,True
2026-03-15 11:00:00+00:00,71839.42,73.98105380695525,0.8624388571614648,0.015377783230357878,0.0017000034858996038,0.0007847252047801234,1.6031349559779984,0.004072684408007287,-0.19996001276746003,1.370130191853014,-1.1015257644085497,0.362490247442312,11,6,1,0.24670375399697467,0.21279950939586417,0.5404967366067231,0.009324680776180207,0.03202239204417387,0.00033630561048525703,TP,0.02,16,True
2026-03-15 12:00:00+00:00,71610.33,69.49159153948601,0.7094337383488925,0.011722705334894945,-0.0025180001420789244,-0.0031889177278991987,1.6031349559779984,0.004254633574314134,-0.635746108594274,-0.04893279891886209,2.2310576274679494,-2.4782804327689116,12,6,1,-0.8204577199954386,3.5815336108155226e-05,0.1795064646680952,0.005413029860424366,0.028469336241156815,-0.0012062505507236048,TP,0.02,10,True
2026-03-15 13:00:00+00:00,71607.54,60.93424362194315,0.6878883152286404,0.010729970845768877,-0.0024455620397506594,-3.896085941801353e-05,1.6031349559779984,0.004128665381167558,2.125612865803737,-0.1104579303885085,1.934955467515717,-1.9230034461486483,13,6,1,-0.006709633976257825,0.1670915299888906,0.8261988360346111,0.004745767957458525,0.028164260306328806,-0.0016191032396868504,TP,0.02,9,True
2026-03-15 14:00:00+00:00,71622.03,69.93868872780747,0.6774936587286305,0.014487553828498312,-0.0030260544976560277,0.00020235299243642757,1.6031349559779984,0.004168450086416937,-0.18481889914971786,-0.10711645801685257,1.6310724609771052,-1.6254671229930213,14,6,1,0.04930583911800762,0.0460391996733157,0.9046549612083364,0.004274700212781269,0.02808216186838515,8.167877955986616e-05,TP,0.02,8,True
2026-03-15 15:00:00+00:00,71481.24,64.26042452254717,0.5656300922643636,0.012767764960345263,-0.0018026728825295546,-0.0019657359614073666,1.6031349559779984,0.004214042733450057,-0.9737900559993582,-0.10377825525504565,1.4114191921654777,-1.4093063130398156,15,6,1,-0.6518518518514962,0.01833333333335449,0.3298148148146864,0.00175675435160674,0.025793342852448217,-0.000883448580354753,TP,0.02,7,True
2026-03-15 17:00:00+00:00,71819.95,64.17423250439651,0.7890948361130304,0.017034705944077855,0.002763395564185922,0.005355741779335288,1.6031349559779984,0.004095966968191165,-0.3579932044936091,0.6225894994063509,0.9069261229640461,0.43339445862819526,17,6,1,0.6594391492440982,0.2929729916061466,0.047587859149582724,0.005328380103578932,0.03010248115487025,0.0023580495391600995,TP,0.02,10,True
2026-03-15 19:00:00+00:00,71549.94,51.63712630808628,0.5296616106001608,0.01202178217821781,0.001576066301451462,0.0022329292134406487,1.6031349559779984,0.004263435740527119,-0.6922328077563875,0.41129261342310286,0.68259037424543,0.5108922979413972,19,6,1,0.6528915465266052,0.13470674967228652,0.21240170380069873,0.0005953365778651401,0.025711173765208446,-0.0018868639163078906,TP,0.02,3,True
2026-03-15 20:00:00+00:00,71730.81,56.84415232003698,0.7127560202943549,0.01306533046557945,-0.0012411593157611867,0.002527884719400131,1.6031349559779984,0.004526098538211325,-0.7313388307599873,3.282941074618754,0.8051635784092214,-0.09611811085633074,20,6,1,0.3644735516371968,0.4013904282115107,0.23413602015109103,0.0027782407920212203,0.028028591380875937,0.0023719235848583707,TP,0.02,3,True
2026-03-16 00:00:00+00:00,72531.26,62.43596434944179,0.9276640105913274,0.02177888148078022,0.0058477666906393555,-0.003900007745631373,1.5644340607389526,0.006763024856947374,0.4627927971473665,2.450307215197068,1.319038994195701,0.8905595238216566,0,0,0,-0.5101494574979348,0.34793777394547115,0.14191276855641433,0.010322478324490751,0.0381170359455898,-0.0015040411541176629,TP,0.02,3,True
2026-03-16 01:00:00+00:00,72752.9,64.39276485785263,0.9727976714892922,0.024893277996467678,4.756050355836372e-05,0.0030557858777029434,1.5644340607389526,0.007089565207317195,0.5008359758954151,1.8962125165510573,2.139305577180952,0.8932955753326594,1,0,0,0.3808926392492374,0.1707941636447804,0.44831319710581025,0.012639658420349203,0.040919485722857606,-0.0004284365296779499,TP,0.02,2,True
2026-03-16 02:00:00+00:00,72514.69,64.2082374973009,0.8107396682906345,0.014893661390615431,-0.004127569997709357,-0.0032742337418850687,1.5644340607389526,0.0073147740330762,-0.20393412086713766,1.564150903895026,1.7251334414628345,0.7779582880804754,2,0,0,-0.49196612969835624,0.20524576621227744,0.30278810408915985,0.008638789400693599,0.03714426084930869,-0.00011425271210556602,TP,0.02,1,True
2026-03-16 07:00:00+00:00,73456.68,66.23234428955796,0.7789829777425662,0.02803344100695293,-0.005132211255218011,-0.003495655391975272,1.5644340607389526,0.009821823848131612,0.24493591403970094,1.0203651346145375,0.8407032016804531,0.9029823238452275,7,0,0,-0.47749467247281685,0.39001204484380386,0.1324932826831939,0.014628581639755748,0.048193710089444064,-0.005110563123734968,TRAIL,0.004189473305899681,7,True
2026-03-16 08:00:00+00:00,73135.0,67.678659378192,0.6728107420488342,0.019765050371248316,-0.014452584233747956,-0.0043791796743331,1.5644340607389526,0.010181122972194284,1.1064821915953746,0.9725751379986928,1.7856886769334674,-0.5982883638542404,8,0,0,-0.3625370493502591,0.36000135237168324,0.2774615982779449,0.009325234993989689,0.04316136674022364,-0.003960894236685571,TRAIL,0.008606341696862077,6,True
2026-03-16 09:00:00+00:00,73260.92,67.45776823647036,0.6867333351946516,0.020473568450685375,-0.006151311630461231,0.0017217474533397503,1.5644340607389526,0.010193331685472387,-0.4174712090633408,0.9209618664063902,1.5706900554117007,-0.5220090363603562,9,0,0,0.45850781050850337,0.25838400757375146,0.28310818191738113,0.009967485699708662,0.0445131824149073,-0.0013360465579738278,TRAIL,0.006872761084627517,5,True
2026-03-16 10:00:00+00:00,73783.42,69.57861262080903,0.7984789390256117,0.027866312247076586,0.004448063811214986,0.007132042567852048,1.5644340607389526,0.010202737378436206,0.32299165105769223,0.8045016704326255,1.3611651878916091,-0.6158703312261911,10,0,0,0.90003961896872,0.0,0.0999603810311077,0.01571975992712064,0.05144865615963399,0.004394076609623106,TP,0.02,14,True
2026-03-16 11:00:00+00:00,73552.77,64.16600410296931,0.7134667960570186,0.023849719276686887,0.005712312846106515,-0.0031260410536675387,1.5644340607389526,0.0099739081400819,-0.20259097154120045,0.7040195742781588,1.2101983314718396,-0.7292276166065653,11,0,0,-0.7131373094639577,0.17110348452518503,0.11575920601054807,0.011264653480240895,0.047672645158407856,0.001983949754713515,TRAIL,0.002877591149864293,3,True
2026-03-16 12:00:00+00:00,73864.8,61.70116785072526,0.7766683600184653,0.031482469079530784,0.008242866728946474,0.00424226035266928,1.5644340607389526,0.009179928347854069,0.1358251830074856,1.1161308733420683,-2.1307423894435003,1.5668514721854234,12,0,0,0.5393231237251591,0.3097452207279844,0.15093165554668356,0.013972365430154477,0.051575865656510796,0.0005508713216578341,TP,0.02,12,True
2026-03-16 13:00:00+00:00,74109.55,63.08713703013599,0.8152273843356642,0.03494059424468432,0.00442009871594462,0.003313486261385723,1.5644340607389526,0.009095598533329573,1.061788620158114,1.3769589652961536,-1.9854996253814101,1.4377084550368338,13,0,0,0.3387311077893622,0.5535763715882516,0.10769252062224777,0.01555819200218741,0.05453782665698353,0.003756465934552319,SL,-0.015,1,False
2026-03-16 14:00:00+00:00,73565.54,59.93544668586283,0.6381483204299179,0.027135645275622622,0.00017361684678895983,-0.007340619393856884,1.5644340607389526,0.010049328608398517,1.7802522294827368,1.2091827054747866,-1.6333708524650767,1.2459859539441067,14,0,0,-0.37016473085792573,0.23857736770838434,0.3912579014336219,0.006956363673859932,0.046320132794537346,-0.0020339686217216144,TP,0.02,10,True
2026-03-16 15:00:00+00:00,73274.76,54.94734686601476,0.5178117767126307,0.025090779063149826,-0.007988108002729422,-0.003952665881335138,1.5644340607389526,0.010344245997627873,0.11552332477791592,1.0862888149470442,-1.3878437684727052,1.0920610584829058,15,0,0,-0.34473029045638925,0.5506342620034989,0.10463544753999324,0.0017459089862482768,0.041743223433870755,-0.005696299789995795,TP,0.02,6,True
2026-03-16 16:00:00+00:00,73760.63,61.28200948964361,0.6860175826794372,0.03252192305565638,-0.004708165142009335,0.006630796197763189,1.5644340607389526,0.010525068919364083,0.08196940189098822,2.7708734625391735,-0.09465623951365094,-0.3942307047749404,16,0,0,0.6554519823550072,0.19064063996543132,0.15390737767942653,0.006939126611021548,0.04818726073813131,0.0013224534551833362,TP,0.02,8,True
2026-03-16 17:00:00+00:00,73943.18,53.980653160311796,0.7515347889270168,0.029563234171006814,0.0051333817436804985,0.0024748975164663456,1.5644340607389526,0.009072004438311384,-0.09599446764474544,2.2138517965314195,-0.07609619471200937,-0.37632647475004816,17,0,0,0.437769784172529,0.2938129496402271,0.2684172661870041,0.007981526131764661,0.05031408104293367,0.0045198218415815625,TP,0.02,7,True
2026-03-16 18:00:00+00:00,73913.6,50.88352594605241,0.715138299637931,0.035341802337088835,0.008718418183833121,-0.000400036893192679,1.5644340607389526,0.008707057970387056,0.12683208343922953,1.7638636980694182,-0.05501434710868163,-0.32124205784227405,18,0,0,-0.059578497743363275,0.8324266602190515,0.10799484203738369,0.0063997490214664,0.04944601093124462,0.0010347892674690607,TP,0.02,6,True
2026-03-16 20:00:00+00:00,74236.9,56.74889571976349,0.8386353689519479,0.03493742786398202,0.003972239224766971,0.0037032029528276666,1.5644340607389526,0.00856064456201317,-0.8268191982803967,2.074936947147969,-0.0027217376247370318,2.2223787405168878,20,0,0,0.7100453661696,0.03123784834737469,0.25871678548276617,0.009077644234259262,0.053037553163825774,0.0021774885535358985,TP,0.02,5,True
2026-03-16 21:00:00+00:00,74401.36,62.50211747763765,0.8982095266524291,0.031781907480254334,0.006599056195341513,0.002215340349610573,1.5644340607389526,0.00864670254107491,0.3148182045778239,1.690075020545637,0.017914882458260912,1.7902280197829756,21,0,0,0.25340523882893845,0.6126964560861913,0.13389830508471615,0.010090421028751757,0.0548342409189031,0.0029459138918965675,TP,0.02,4,True
2026-03-17 03:00:00+00:00,74463.98,54.02484198379843,0.6104100787123715,0.012105747028950065,-0.011345157257554805,-0.009761427229068143,1.612209074649179,0.009853383378878552,0.7341137354290048,0.5944400772305335,0.4530317096535311,-1.0392301353320073,3,1,0,-0.694180174386658,0.12117228726520984,0.18464753834803754,0.004664198792222408,0.05216985788016433,-0.007788530776893831,SL,-0.015,32,False
2026-03-17 04:00:00+00:00,74252.01,58.431241540735385,0.516809959222849,0.005639419022959391,-0.018141087917829313,-0.0028466112071904304,1.612209074649179,0.009172594404226544,1.1402754806878348,-0.7105656669591784,0.5868021106886435,-1.7106043262253297,4,1,0,-0.28928800513145825,0.339702209545086,0.3710097853233192,0.0012926712510556678,0.04865515132167555,-0.006370265262852917,SL,-0.015,31,False
2026-03-17 17:00:00+00:00,74523.75,50.80252532981256,0.5762807666400812,0.007851569272514514,0.0019097439289503804,0.004963341316087888,1.612209074649179,0.00826548583505262,-0.7002457532115417,1.846427284707972,-1.647274191637609,1.1043622276814176,17,1,0,0.6265874502058926,0.11959075278333772,0.2538217970105994,0.0022371359638864792,0.045743896013103184,0.004088361092940145,SL,-0.015,18,False
2026-03-17 18:00:00+00:00,74683.04,55.8704398301155,0.6512799257739064,0.010409992207117247,0.010399192904115173,0.0021374394069004765,1.612209074649179,0.00791342413791102,-0.9258064101363386,1.5839240327029154,-1.4029302791836613,0.968587952827674,18,1,0,0.41580953375439417,0.22484728241002114,0.35934318383532365,0.004198209777794735,0.04745916372194383,0.003530587399763085,SL,-0.015,6,False
2026-03-17 19:00:00+00:00,74512.17,56.554418645667496,0.5839449798814577,0.007424928680556553,0.004807183373251478,-0.002287935788366391,1.612209074649179,0.0076408802941663615,-0.7445364814272212,1.3876308595069604,-1.2215718552098638,0.8512459454706679,19,1,0,-0.45840375586840915,0.31377598926888,0.2278202548624426,0.0020678033389170394,0.04456839639325976,-7.770542718060675e-05,SL,-0.015,16,False
2026-03-17 20:00:00+00:00,74506.75,55.87833124038562,0.6107045795570774,0.0036349847582537453,-0.00022811519817511616,-7.273979539179631e-05,1.612209074649179,0.007571001476855676,-1.3471453573536845,0.34269266187131764,-1.501846288675269,-0.45048621779768105,20,1,0,-0.013696526732810152,0.5352393821206203,0.4510640911462625,0.0022374742106568055,0.0440273698802118,-0.001183047173578243,SL,-0.015,15,False
2026-03-17 21:00:00+00:00,74685.42,56.05980601948728,0.7858253729758216,0.003817940962369537,3.1868011800328944e-05,0.002398037761679239,1.612209074649179,0.007512405270762956,-0.959361029560395,0.3411261594179352,-1.3527130924396236,-0.4507338411692646,21,1,0,0.5119630934982217,0.3254534513881988,0.16258345511329303,0.005048433797838387,0.046112524324667024,0.0011598649374938836,SL,-0.015,3,False
2026-04-14 14:00:00+00:00,75013.62,63.277627088956315,0.7967302602015918,0.03609757714590378,0.008565875359589192,-0.006783364761828947,2.07539815435238,0.005410903094283775,3.0407889133048616,1.7960182295234624,-1.6607625302710718,1.544847110191549,14,1,0,-0.5001220238385353,0.4998682142542859,9.761907081053446e-06,0.010299424802117391,0.04835041218622087,0.0037434535221736887,SL,-0.015,4,False
2026-04-14 15:00:00+00:00,75317.07,64.18690973584513,0.8956244687010146,0.04801229611701374,0.011619164025143736,0.004045265379807095,2.07539815435238,0.0057698834312820925,0.39264726400365135,1.4965512445091753,-1.3943676834500216,1.3410413189977703,15,1,0,0.34576425682216005,0.1423346436506384,0.5119010995270875,0.012508252491812309,0.05213535594155006,-0.0013866046568194671,SL,-0.015,3,False
2026-04-14 16:00:00+00:00,74652.2,54.12751850327001,0.5738107706592347,0.03393019286350185,-0.011568740488367424,-0.00882761371359786,2.07539815435238,0.006648785013320798,-0.03784939285665209,-0.05789738256920471,-2.495423643392624,-2.7201388459116176,16,1,0,-0.572671363847737,0.3195059346413992,0.10782270151077768,0.0027168979864108053,0.0424523179063549,-0.002420692223403949,SL,-0.015,15,False
2026-04-14 17:00:00+00:00,74748.9,53.92920285457923,0.6128469082499294,0.03603701624155731,-0.003528959141020027,0.0012953402578892437,2.07539815435238,0.00707936839204321,-0.35003358614569885,-0.13958265795282296,-1.9243976136102015,-2.1339846944093326,17,1,0,0.1373286941702537,0.28385997301708144,0.5788113328125227,0.0029896143569423245,0.04343685877353155,-0.0038005241548707317,SL,-0.015,14,False
2026-04-15 00:00:00+00:00,74568.36,50.77528893476673,0.5261942168615532,0.005454681271811479,0.003920586613783694,0.005892362968263898,1.754547484557296,0.008583159705498989,-0.32679053520682405,-1.0224841593646552,0.2527628677814794,0.46586772116163877,0,2,0,0.7929457040679689,0.19756022292007716,0.009494073011772323,0.0006509419167940688,0.03861030778648913,0.003655773038323437,TRAIL,0.0013731024793893739,25,True
2026-04-15 01:00:00+00:00,74613.28,52.544525980458474,0.5423787916995135,0.00305514396387907,0.007972235712746745,0.0006024002673519213,1.754547484557296,0.008672757143806803,-0.7109968415703237,-0.9657105824786777,0.4643109016935265,0.4453758503907074,1,2,0,0.15663364955352835,0.604910714285509,0.2384556361606139,0.0011095221040345457,0.038871426435825786,0.0032281786834729214,TRAIL,0.0007702382203275498,24,True
2026-04-15 18:00:00+00:00,74390.29,50.975807176876266,0.7550635432989787,0.00400981520703847,0.007396801476841297,0.0034442594215009503,1.754547484557296,0.005713783344573597,-0.5632359752498156,1.8022169319153205,-1.5941781608459344,1.2535926062380007,18,2,0,0.78291531244226,0.0290059483657433,0.1880787391916901,0.003275102215248671,0.02949792263622026,0.0030192112438329815,TRAIL,0.003770115696551343,7,True
2026-04-15 21:00:00+00:00,74779.16,68.84056669190308,0.9173596306392693,0.006758606112377885,0.005227429547592921,-0.0008353633964388596,1.754547484557296,0.005984421328081245,-1.6552414304254746,0.5096180446375332,-1.4272312705928243,-2.109781819239469,21,2,0,-0.4915854042147207,0.10608681975459468,0.40232777602989817,0.00729029068834147,0.03347408831302098,-0.0014939991302390645,SL,-0.015,16,False
2026-04-15 22:00:00+00:00,74964.0,66.48982004919262,0.9760866042780204,0.01271021295365049,-0.0005146488255074466,0.002471811665175183,1.754547484557296,0.006140261611287711,0.0471886512987547,0.5096180446375332,-1.4272312705928243,-2.109781819239469,22,2,0,0.32249116762527846,0.6730123507254744,0.0044964816491011635,0.009553008304999064,0.035520340278802076,0.0008158582786405722,SL,-0.015,15,False
2026-04-15 23:00:00+00:00,74809.99,65.1014709887969,0.8395443811359435,0.009151838859432937,-0.00042342715983911816,-0.0020544528040125076,1.754547484557296,0.006225524539856627,-0.8713531051332799,0.5096180446375332,-1.4272312705928243,-2.109781819239469,23,2,0,-0.44895936570846406,0.0,0.5510406342912445,0.007163742449179841,0.032919070276061876,0.00020605536773902837,SL,-0.015,14,False
2026-04-16 00:00:00+00:00,74815.1,65.8496289371418,0.81338651297827,0.003308910106109453,0.0004806151874399145,6.830638528354527e-05,1.754547484557296,0.006603222000447955,0.18613308441798485,0.5096180446375332,-1.4272312705928243,-2.109781819239469,0,3,0,0.012067825429811834,0.1412951067446977,0.8466370678252544,0.006929697947579174,0.03252023040860678,-0.0009951199690971997,SL,-0.015,13,False
