timestamp,open,high,low,close,volume,fwd_return_1d,fwd_return_3d,fwd_return_7d,fwd_return_14d,ret_1d,ret_7d,rsi_14,ma_21,ma_50,ma_200,bb_pct,open_interest,funding_rate,buy_sell_ratio,oi_z,funding_z,taker_z,volume_z,rsi_z
2025-10-22 00:00:00+00:00,3873.04,3889.27,3710.0,3805.53,593130.0905,0.013472499231381718,0.03896697700451712,0.025610098987525864,-0.10018052675974176,-0.017433289009953445,-0.04518254420276946,32.087766685071614,4160.007619047619,4265.8294,,0.21959865532224535,43525894809.333336,0.0008363333333333334,0.4756356666666666,,,,,-0.8956116657464193
2025-10-23 00:00:00+00:00,3805.53,3934.86,3796.54,3856.8,477231.0181,0.020244762497407143,0.0782151006015348,-0.013407488073013951,-0.14044285417963087,0.013472499231381718,-0.009682861258540898,36.57305524771924,4130.124285714286,4253.9562,,0.28454010370652866,43901830498.166664,0.003924333333333333,0.5028191666666667,,,,,-0.671347237614038
2025-10-24 00:00:00+00:00,3856.8,4026.39,3845.86,3934.88,425926.9383,0.004813361525637383,0.04708402797544009,-0.022081994876591016,-0.12677133737242308,0.020244762497407143,0.026962837687945163,53.64208134766709,4102.600952380953,4246.7028,,0.3690509109792622,45719829320.166664,0.004905666666666667,0.4995075,,,,,0.18210406738335436
2025-10-25 00:00:00+00:00,3934.88,3969.22,3912.4,3953.82,138526.3338,0.051757540808635705,0.006419108608889612,-0.020246242873980136,-0.13969022363182948,0.004813361525637383,0.0166126282715513,57.50277236190739,4077.204285714286,4239.6302000000005,,0.4045078835013512,45958536407.166664,0.005910000000000001,0.5088778333333334,,,,,0.37513861809536947
2025-10-26 00:00:00+00:00,3953.81,4178.78,3919.03,4158.46,344698.0918,-0.009212545028688623,-0.06143380001250465,-0.06057049965612271,-0.13827234120323384,0.051757540808635705,0.044162326933796736,50.26170016032846,4060.258571428571,4237.3366,,0.6451215598860335,47422910820.166664,0.0058726666666666675,0.5019238333333333,,,,,0.01308500801642296
2025-10-27 00:00:00+00:00,4158.46,4253.72,4095.0,4120.15,487131.2291,-0.03420991954176422,-0.07646808975401365,-0.1253158258801257,-0.1340485176510563,-0.009212545028688623,0.03541648865858127,44.652572258944836,4033.4080952380955,4233.6158000000005,,0.6333015789484295,50207683959.166664,0.006662500000000001,0.49290900000000004,,,,,-0.2673713870527582
2025-10-28 00:00:00+00:00,4120.16,4175.55,3931.33,3979.2,472965.8377,-0.01915209087253722,-0.032973964616003215,-0.17394199839163638,-0.14109368717330106,-0.03420991954176422,0.027407340468106334,43.68033284215998,4011.0985714285716,4227.0724,,0.49044403728412445,49114892885.5,0.004678,0.48358933333333337,,,,,-0.31598335789200116
2025-10-29 00:00:00+00:00,3979.19,4036.66,3840.37,3902.99,486452.3127,-0.025083333546844777,-0.0074865679901818805,-0.1226495584154712,-0.12505028196331525,-0.01915209087253722,0.025610098987525864,46.2118294360385,3981.4447619047623,4218.9304,,0.3901762897470012,47773933521.333336,0.0017413333333333334,0.4977196666666667,,,,,-0.18940852819807502
2025-10-30 00:00:00+00:00,3903.0,3948.74,3680.0,3805.09,531455.9923,0.011274371959664409,0.026672168069612034,-0.12876173756731124,-0.1507323085656319,-0.025083333546844777,-0.013407488073013951,45.92545338558279,3954.635238095238,4208.0458,,0.2135474711922,47129719683.333336,0.001667,0.4975605,,,,,-0.2037273307208604
2025-10-31 00:00:00+00:00,3804.95,3906.09,3796.36,3847.99,478636.2995,0.006699601610191452,-0.06345130834539592,-0.10705329275803721,-0.19116213919474834,0.011274371959664409,-0.022081994876591016,50.76211870857544,3955.505238095238,4195.8292,,0.27194077397736083,46490713641.666664,0.0030191666666666665,0.5105335,,,,,0.03810593542877214
2025-11-01 00:00:00+00:00,3848.0,3909.39,3831.0,3873.77,152998.1626,0.008469785247962491,-0.1514596891400367,-0.1219122456934717,-0.18222300239818057,0.006699601610191452,-0.020246242873980136,49.26152668834896,3961.5519047619046,4179.0614000000005,,0.34098883094853316,45806394151.833336,0.004070666666666667,0.500466,,,,,-0.03692366558255209
2025-11-02 00:00:00+00:00,3873.78,3918.23,3839.12,3906.58,216083.1542,-0.0774974530151693,-0.12345581045313292,-0.08271173251283725,-0.20767269581065795,0.008469785247962491,-0.06057049965612271,46.14150521912189,3949.8514285714286,4163.8624,,0.43011691142026304,45870715872.833336,0.005522666666666666,0.51911,,,,,-0.19292473904390556
2025-11-03 00:00:00+00:00,3906.58,3914.29,3558.82,3603.83,877187.3852,-0.08790092762422197,-0.08010644231276176,-0.009983822766334693,-0.1588282466154064,-0.0774974530151693,-0.1253158258801257,35.384627364257184,3919.517142857143,4143.849200000001,,-0.15159503170337368,45645710905.333336,0.0032451666666666666,0.47714983333333333,,,,,-0.7307686317871408
2025-11-04 00:00:00+00:00,3603.84,3654.54,3057.0,3287.05,1568004.2379,0.04175172266926275,0.045329398700962864,0.03976513895438161,-0.04970718425335796,-0.08790092762422197,-0.17394199839163638,30.39924005244707,3879.6138095238093,4119.1154,3370.1096500000003,-0.3142058992075066,41649522248.5,0.004038333333333334,0.49122899999999997,,,,,-0.9800379973776465
2025-11-05 00:00:00+00:00,3287.05,3480.46,3166.66,3424.29,809591.5132,-0.031875220848701535,-0.006652473943503545,-0.002736333663328705,-0.11646501902584183,0.04175172266926275,-0.1226495584154712,37.816382880809925,3852.8842857142854,4097.575400000001,3379.16475,-0.016795774870521123,39090505982.0,-0.00117,0.49988816666666663,-2.352556404647632,-2.2431705776996096,0.22100117691708387,0.7743076919001322,-0.6091808559595038
2025-11-06 00:00:00+00:00,3424.29,3456.46,3245.45,3315.14,566363.7003,0.03647206452819507,0.08093775828471794,-0.025217637867480658,-0.14506777994292852,-0.031875220848701535,-0.12876173756731124,33.30724094573603,3825.295238095238,4072.0676000000003,3387.80365,-0.034103236043760206,39163937032.666664,0.004002166666666667,0.4870136666666667,-1.93409393588971,0.15331274751434615,-0.8165419437537116,0.08009813223790037,-0.8346379527131986
2025-11-07 00:00:00+00:00,3315.14,3473.0,3194.2,3436.05,683417.3854,-0.010052240217691799,0.03835799828291209,-0.09419245936467746,-0.19504954817304765,0.03647206452819507,-0.10705329275803721,35.02254889597482,3806.4609523809527,4049.0354,3397.0860500000003,0.1384810237923707,39112504567.166664,0.004858166666666667,0.5030978333333334,-1.7034180109602635,0.5431569943496227,0.5300987954146205,0.4104226975994172,-0.748872555201259
2025-11-08 00:00:00+00:00,3436.04,3488.0,3355.58,3401.51,291532.2881,0.05349094960767409,0.004777290085873576,-0.06868420201616343,-0.18562050383506157,-0.010052240217691799,-0.1219122456934717,33.57071040592075,3783.2371428571428,4027.6938,3405.3123000000005,0.1487484974316996,39494593151.333336,0.0050704999999999995,0.49021783333333335,-1.4449070258173051,0.6226145534221306,-0.5684834861396729,-0.7406210912918346,-0.8214644797039625
2025-11-09 00:00:00+00:00,3401.51,3623.25,3358.66,3583.46,464098.05199999997,-0.004356125085810958,-0.04703275605141399,-0.1362286728469133,-0.21802950221294504,0.05349094960767409,-0.08271173251283725,32.661713444861235,3764.2314285714288,4009.7546,3414.25425,0.33849191732094414,39659127807.333336,0.0040485,0.5139091666666666,-1.294565633821255,0.1087725685757177,1.4057100051220404,-0.20662494619702496,-0.8669143277569382
2025-11-10 00:00:00+00:00,3583.46,3658.98,3507.3,3567.85,595273.0298,-0.04206735148618912,-0.0942612497722718,-0.15034544613702927,-0.1722241686169541,-0.004356125085810958,-0.009983822766334693,33.11504879301489,3744.6423809523812,3992.2122000000004,3423.2452499999995,0.3391045209863872,41506724037.333336,0.003911166666666666,0.5054588333333333,-0.754191948142744,0.03722475942170429,0.6560052319461233,0.20099313983115763,-0.8442475603492554
2025-11-11 00:00:00+00:00,3567.85,3648.27,3405.24,3417.76,660283.2747,-0.0008309536070408852,-0.0893450681147887,-0.08605051261645069,-0.13412293431955435,-0.04206735148618912,0.03976513895438161,32.93101141905122,3722.9619047619044,3976.5858000000003,3431.4110499999997,0.22488359233249794,39910849165.166664,0.0017343333333333334,0.5044506666666667,-1.1315561617085435,-1.0552520335004874,0.5507162030014267,0.399849344023826,-0.8534494290474391
2025-11-12 00:00:00+00:00,3417.76,3588.19,3371.65,3414.92,553101.9368,-0.05369964742951516,-0.07234137256509665,-0.11404073887528843,-0.11372447963641907,-0.0008309536070408852,-0.002736333663328705,34.46873508353222,3704.3614285714284,3961.599,3439.38125,0.24804681996238592,39102815506.166664,0.0031439999999999997,0.5049513333333334,-1.2706223523215343,-0.3061459710631602,0.577240164137755,0.045202182834483184,-0.7765632458233889
2025-11-13 00:00:00+00:00,3414.91,3565.84,3154.22,3231.54,951989.1346999999,-0.036867871046002754,-0.04216256026538434,-0.12295066748361472,-0.06693712595233225,-0.05369964742951516,-0.025217637867480658,32.69029956601257,3674.587142857142,3943.1736,3446.5825,0.13189715092112372,39011618969.166664,0.003332166666666667,0.49296866666666667,-1.2223582728510614,-0.20046884293413064,-0.48932226598883527,1.30786464138935,-0.8654850216993715
2025-11-14 00:00:00+00:00,3231.55,3256.71,3070.0,3112.4,890446.1491,0.017825472304330958,-0.026012080709420404,-0.11134494280940754,-0.026105256393779697,-0.036867871046002754,-0.09419245936467746,28.77660894302845,3635.421428571429,3927.9344,3453.1451,0.08828295077420817,37301923014.166664,0.005377333333333334,0.48353033333333334,-1.5535563047185776,0.8891476367477981,-1.2776006706852057,1.0539281714152866,-1.0611695528485776
2025-11-15 00:00:00+00:00,3112.4,3230.0,3110.68,3167.88,338463.4782,-0.022914378069876395,-0.013958862078109147,-0.12556031162796577,-0.05641627839438368,0.017825472304330958,-0.06868420201616343,29.976683100069778,3597.9957142857143,3910.6472000000003,3459.99545,0.16051552979376202,36922975203.666664,0.006830666666666666,0.5010815,-1.5345069964838347,1.5677786317357638,0.2996959080911056,-0.7460882973349583,-1.001165844996511
2025-11-16 00:00:00+00:00,3167.87,3249.0,3004.0,3095.29,570633.5809,-0.020628115620830334,-0.02255362179311149,-0.09470195038267826,-0.033609128708457,-0.022914378069876395,-0.1362286728469133,27.494798746151062,3547.3685714285716,3892.1854,3466.50385,0.12768314078535786,37743036119.666664,0.007670000000000001,0.49069199999999996,-1.260803816754758,1.8340304147798543,-0.6384342291195961,0.02760051936880522,-1.125260062692447
2025-11-17 00:00:00+00:00,3095.29,3223.38,2959.46,3031.44,762500.4289,0.0304211859710235,-0.06505819016704939,-0.025750138548016777,-0.07665333966695687,-0.020628115620830334,-0.15034544613702927,31.695820408685364,3495.525238095238,3869.9709999999995,3472.4705,0.11073049018346888,37827831357.0,0.005954500000000001,0.49283150000000003,-1.1830898539313555,0.9344112949060313,-0.429764898613046,0.662486369465072,-0.9152089795657318
2025-11-18 00:00:00+00:00,3031.44,3169.95,2946.56,3123.66,766640.1058,-0.03143107764609454,-0.11454831831889511,-0.052598554260066654,-0.04084631489982893,0.0304211859710235,-0.08605051261645069,43.89875951276707,3454.785238095238,3848.1427999999996,3478.8777999999998,0.21775677168013954,38183960034.166664,0.007795833333333333,0.5041598333333334,-1.0538286118984532,1.7248687705659205,0.6258988232352235,0.6594133731542939,-0.3050620243616464
2025-11-19 00:00:00+00:00,3123.65,3125.54,2873.64,3025.48,737926.7146,-0.06321641524650645,-0.08440313603130745,0.00035696815050823005,0.05383608551370367,-0.03143107764609454,-0.11404073887528843,34.66032786380805,3412.9990476190474,3825.7494,3484.8376000000003,0.163189606431424,38057219482.666664,0.0073448333333333326,0.48638633333333336,-1.0447717596922734,1.4243387121698456,-1.0352388046507837,0.5471580945113212,-0.7669836068095975
2025-11-20 00:00:00+00:00,3025.48,3063.61,2790.01,2834.22,912524.3718,-0.02412303914304459,-0.011311754203978452,0.06386589608428439,0.10551051082837626,-0.06321641524650645,-0.12295066748361472,32.60108245781598,3366.767142857143,3795.4732,3489.9644,0.04322475275464754,37243751629.666664,0.007011333333333334,0.4820088333333334,-1.1910172968527266,1.2123745617216253,-1.3801600309935873,1.1172457327437921,-0.8699458771092011
2025-11-21 00:00:00+00:00,2834.21,2886.73,2623.57,2765.85,1180475.4085,0.001543829202595992,0.06780194153695973,0.09591987996456797,0.09253213297901208,-0.02412303914304459,-0.11134494280940754,24.795035727717178,3315.2366666666667,3761.1031999999996,3494.6927,0.029867397679179394,33185165872.666668,0.0059855,0.48841650000000003,-1.9440927728835344,0.6794195669749311,-0.8709795953483475,1.8603812347219846,-1.260248213614141
2025-11-22 00:00:00+00:00,2765.86,2799.01,2704.33,2770.12,264691.3089,0.011566285937071319,0.06831473004779576,0.0790723867558083,0.09672505162231237,0.001543829202595992,-0.12556031162796577,25.701376969435728,3262.681904761905,3726.2482,3499.4583000000002,0.05664185680525753,32783370545.833332,0.0050381666666666665,0.5037066666666666,-1.836944164996985,0.19507199983766177,0.6499738492270632,-1.098636358683251,-1.2149311515282135
2025-11-23 00:00:00+00:00,2770.12,2858.16,2768.29,2802.16,409808.5734,0.05396551231906832,0.08008108030947558,0.06748365546578361,0.0919612013589517,0.011566285937071319,-0.09470195038267826,16.010336546827673,3210.090476190476,3692.5483999999997,3504.4135499999998,0.12783271922147907,33781330067.5,0.0018176666666666664,0.5019845,-1.5003266564134776,-1.3008750886836826,0.46889709227776827,-0.6291104455612639,-1.6994831726586164
2025-11-24 00:00:00+00:00,2802.16,2987.0,2763.0,2953.38,715279.7551,0.0020247987052124383,0.020942107009595645,-0.05224861006710957,0.05782527138397353,0.05396551231906832,-0.025750138548016777,26.089358953406034,3179.1166666666663,3661.3295999999996,3508.1434999999997,0.2920778858963873,34815198211.833336,0.004526166666666667,0.5025768333333333,-1.201402625436102,0.01580590724077023,0.5588951567675847,0.30325828837309804,-1.1955320523296984
2025-11-25 00:00:00+00:00,2953.38,2980.82,2857.32,2959.36,427686.4528,0.02270761245674735,0.02425862348615926,0.012404709126297542,0.12120188148788924,0.0020247987052124383,-0.052598554260066654,29.909188127837865,3163.5123809523816,3626.8366000000005,3511.2150999999994,0.31775855652668894,34937872852.5,0.004301833333333334,0.49241616666666665,-1.1051316512782121,-0.06755166096971586,-0.43708043676051983,-0.6739369886915579,-1.0045405936081067
2025-11-26 00:00:00+00:00,2959.36,3045.0,2888.69,3026.56,364535.326,-0.003743524000845766,-0.012357263692112541,0.05346003383379161,0.09832284838232175,0.02270761245674735,0.00035696815050823005,33.88788396754012,3144.572857142857,3598.4138000000003,3513.4317499999997,0.39495568297650724,36047451260.833336,0.0026683333333333333,0.4996716666666667,-0.8336008277509782,-0.8035119364526809,0.2749504667018902,-0.8649311010423949,-0.805605801622994
2025-11-27 00:00:00+00:00,3026.56,3071.37,2985.78,3015.23,274980.3955,0.00527986256438151,-0.007949642315843164,0.0391446092006249,0.07367928814717284,-0.003743524000845766,0.06386589608428439,39.53132713211309,3130.291428571429,3568.204,3515.93505,0.40098447327844855,36859119343.666664,0.0010631666666666667,0.49382733333333334,-0.6075628169534997,-1.471665110905341,-0.3633353429796239,-1.1212965503010293,-0.5234336433943454
2025-11-28 00:00:00+00:00,3015.23,3099.0,2994.36,3031.15,346616.0275,-0.013852828134536477,-0.07656500008247691,-0.003091235999538089,0.017719347442389788,0.00527986256438151,0.09591987996456797,45.631297652460994,3111.0104761904763,3541.4652,3518.6134500000003,0.43283944764916976,36603558126.0,0.0014303333333333332,0.49820533333333333,-0.6216582996090757,-1.2859058214067434,0.09295330325793663,-0.8621810904268974,-0.21843511737695032
2025-11-29 00:00:00+00:00,3031.14,3052.64,2961.91,2989.16,217904.1303,0.0007025385058010425,0.0023116862262309024,0.016359110920793896,0.0419783484323355,-0.013852828134536477,0.0790723867558083,40.24901246153509,3091.3747619047617,3524.6540000000005,3520.1607,0.40987201579307436,36641480383.666664,0.0027121666666666665,0.48620850000000004,-0.564549761183919,-0.7134890498017444,-1.0979501126454565,-1.214488465217039,-0.4875493769232456
2025-11-30 00:00:00+00:00,2989.17,3053.02,2975.3,2991.26,182722.4253,-0.06425051650475055,0.06589196525878727,0.022930136464232254,0.02415035804309884,0.0007025385058010425,0.06748365546578361,43.85114607591647,3063.174761904762,3509.5433999999996,3522.0683000000004,0.4353201146223703,36268632383.833336,0.003875,0.5058353333333333,-0.6237525616929651,-0.17473573381841417,0.9447643035623279,-1.26078710317133,-0.30744269620417664
2025-12-01 00:00:00+00:00,2991.25,2999.47,2716.04,2799.07,849002.9909,0.07038051924389177,0.11939322703612265,0.11614214721318139,0.059226814620570334,-0.06425051650475055,-0.05224861006710957,38.07466102825706,3026.5661904761905,3482.4790000000003,3523.3202,0.18339047550437604,34821712262.166664,0.0025656666666666666,0.5097006666666667,-1.0281722740867574,-0.7688035388279952,1.2803209510217304,0.7386913487005817,-0.5962669485871469
2025-12-02 00:00:00+00:00,2799.07,3033.76,2782.19,2996.07,523707.35860000004,0.0641807434405739,0.008581241426268482,0.10746411131916145,-0.011271432242904833,0.07038051924389177,0.012404709126297542,44.08785505768965,3006.485714285714,3457.5834000000004,3525.61495,0.5187783376544794,35363837134.333336,0.002886333333333333,0.499222,-0.8331510586760043,-0.5761439850046421,0.31253163197213607,-0.32935235144715413,-0.29560724711551745
2025-12-03 00:00:00+00:00,2996.07,3214.99,2985.58,3188.36,553669.8146,-0.017281611863152135,-0.04714022255956041,0.04258615714662084,-0.11130173506128549,0.0641807434405739,0.05346003383379161,56.94193460397559,2995.697142857143,3438.8501999999994,3529.1813500000003,0.8952590373659837,37622751372.333336,0.0036535,0.5144498333333334,0.1179545702165658,-0.21955925324217582,1.9148311016687805,-0.1994369464379713,0.34709673019877946
2025-12-04 00:00:00+00:00,3188.39,3240.35,3066.37,3133.26,486698.3987,-0.035579556117270816,-0.023429271748913405,0.03323375653472738,-0.09724376527961298,-0.017281611863152135,0.0391446092006249,64.4185149469624,2991.017142857143,3421.8032000000003,3532.3587499999994,0.784151257690286,38622423623.833336,0.004927333333333333,0.474756,0.6454762170577546,0.37029016763519873,-2.3171872184347393,-0.37203221835688927,0.7209257473481202
2025-12-05 00:00:00+00:00,3133.26,3193.33,2983.08,3021.78,530382.8986,0.005387553031656722,0.03388069283667239,0.020875113343790774,-0.013991753205064628,-0.035579556117270816,-0.003091235999538089,61.847404431030185,2986.7019047619046,3404.3486,3534.82695,0.5892627237523895,38023188004.166664,0.0042845,0.4854511666666667,0.3833407908325162,-0.023083098701478184,-1.1339798227445865,-0.15954109988076057,0.5923702215515092
2025-12-06 00:00:00+00:00,3021.77,3069.0,3012.58,3038.06,159721.2488,0.007172340243444708,0.09215749524367522,0.025206875440248133,-0.019792235834710348,0.005387553031656722,0.016359110920793896,62.26696699996337,2980.52,3388.4783999999995,3537.3963,0.630319440937877,36676785345.666664,0.001244,0.5116056666666666,-0.22345845496942615,-1.5416885312174269,1.4063578703488409,-1.5583898285618534,0.6133483499981687
2025-12-07 00:00:00+00:00,3038.06,3150.0,2907.52,3059.85,391129.675,0.021017370132522917,0.08637351504158697,0.001192868931483515,-0.01889961926238215,0.007172340243444708,0.022930136464232254,61.909471563126814,2978.8323809523813,3371.8912,3539.9406,0.6710562110820891,36653194081.166664,0.004625833333333333,0.4867506666666666,-0.19828665172707047,0.2054140746452947,-0.9979229763865854,-0.6077146482431348,0.5954735781563407
2025-12-08 00:00:00+00:00,3059.86,3180.51,3040.87,3124.16,452820.2207,0.062058281266004434,0.036243342210386054,-0.05099290689337288,-0.0367042661067295,0.021017370132522917,0.11614214721318139,58.5822545629975,2983.247619047619,3354.7228000000005,3542.2373000000002,0.8024373602357757,37982893420.666664,0.004988166666666667,0.5109875,0.4921956769864007,0.3940072887448567,1.2844848205152737,-0.39245673294766065,0.4291127281498749
2025-12-09 00:00:00+00:00,3124.16,3397.85,3090.8,3318.04,603859.9458,0.0018384347385804745,-0.07027642825282387,-0.10721389736109266,-0.10639413629733219,0.062058281266004434,0.10746411131916145,65.16155758077878,2992.5038095238097,3341.4992,3546.195,1.067841562130742,39340640827.5,0.003790333333333333,0.489311,1.1895094254113,-0.2197649154542026,-0.7437492486544182,0.19183112613353437,0.7580778790389389
2025-12-10 00:00:00+00:00,3318.04,3447.44,3288.1,3324.14,539585.4535,-0.02609697545831402,-0.06302381969471804,-0.14760208655471796,-0.11331351868453199,0.0018384347385804745,0.04258615714662084,63.26397803451719,3006.7257142857143,3330.5209999999997,3550.1637,0.99146242689493,41191795691.5,0.0064006666666666665,0.49396733333333337,2.159946809685925,1.062448283332495,-0.24541091714595403,-0.057588237391602494,0.6631989017258594
2025-12-11 00:00:00+00:00,3324.14,3327.37,3145.28,3237.39,504114.2391,-0.047115114335931074,-0.05371302190962468,-0.1262807384961342,-0.10299654968971916,-0.02609697545831402,0.03323375653472738,59.278471073689836,3025.9242857142854,3319.1582,3553.5945500000003,0.8243024652289194,40816252243.833336,0.0046240000000000005,0.4827806666666667,1.8997899622865961,0.1190549083930452,-1.2761861279959694,-0.17903849184864457,0.4639235536844918
2025-12-12 00:00:00+00:00,3237.38,3265.5,3045.31,3084.86,435686.4435,0.009653598542559427,-0.03890289996952867,-0.03415390001491159,-0.05085157835363685,-0.047115114335931074,0.020875113343790774,52.01343539837606,3041.115238095238,3303.7194,3556.2003499999996,0.5541220227293336,40647385102.666664,0.002471333333333333,0.4821275,1.7257918403286712,-0.9818514746097452,-1.2487110203592664,-0.43610987945303403,0.10067176991880303
2025-12-13 00:00:00+00:00,3084.86,3135.68,3078.6,3114.64,136465.7567,-0.01641923304137871,-0.04891094958004771,-0.043892713122543836,-0.05316505278298611,0.009653598542559427,0.025206875440248133,54.74734787148716,3057.5209523809526,3287.3146,3558.4695,0.5875734071825586,40313194543.0,0.0029866666666666665,0.48322416666666673,1.504018635515382,-0.7071574641914931,-1.0870220460287792,-1.5315880553845587,0.23736739357435788
2025-12-14 00:00:00+00:00,3114.64,3129.54,3024.44,3063.5,279058.3545,-0.03220173004733151,-0.07508078994614009,-0.020068549045209716,-0.036752080953158184,-0.01641923304137871,0.001192868931483515,52.63530373115816,3069.965714285714,3269.5082,3560.3789999999995,0.47513515621112695,39608487534.333336,0.004158333333333333,0.48923333333333335,1.1119131030488167,-0.08409328376927333,-0.5388794252541916,-0.9008386312611887,0.131765186557908
2025-12-15 00:00:00+00:00,3063.49,3177.5,2894.57,2964.85,520509.9555,-0.0008600772383087207,-0.04596522589675689,0.015056410948277366,-0.009089835910754296,-0.03220173004733151,-0.05099290689337288,56.490587903655204,3070.5119047619046,3245.636,3562.0463,0.27458911577755185,39181949318.166664,0.004794333333333334,0.5187016666666667,0.8698006813726142,0.2879843544220547,2.09352949384792,0.07125496151643657,0.3245293951827602
2025-12-16 00:00:00+00:00,2964.85,2981.87,2876.0,2962.3,378293.11590000003,-0.043483104344597234,0.005806299159436756,0.0009182054484691005,0.003844985315464289,-0.0008600772383087207,-0.10721389736109266,48.44037205693542,3070.651904761905,3222.4790000000003,3564.2010999999998,0.2798155715574009,37607321457.666664,0.003473,0.47898916666666663,0.15873431579213265,-0.361972179018109,-1.3894005227156805,-0.4921331706047944,-0.07798139715322883
2025-12-17 00:00:00+00:00,2962.3,3030.92,2791.02,2833.49,497630.4162,-0.0017363745769349848,0.05097600485620202,0.040226011032331144,0.048756127602356036,-0.043483104344597234,-0.14760208655471796,32.589903350831534,3061.458095238095,3199.5647999999997,3565.72825,0.07686322178538395,36430629064.5,0.0034228333333333333,0.4943401666666667,-0.35295785184608947,-0.34868612614712563,-0.06025604608248265,0.04024521508648666,-0.8705048324584232
2025-12-18 00:00:00+00:00,2833.5,2997.4,2775.19,2828.57,595253.7997,0.05335911785814029,0.06132073804077676,0.026649508408842504,0.06208791014540904,-0.0017363745769349848,-0.1262807384961342,34.27763501449992,3052.5695238095236,3178.0764,3567.1750499999994,0.11408428296430874,35840041167.0,0.0016506666666666666,0.516856,-0.5833752367471758,-1.3267425037936589,1.772673546022823,0.4886057364405354,-0.786118249275004
2025-12-19 00:00:00+00:00,2828.56,3020.0,2808.63,2979.5,531702.5439,-0.0005269340493372354,0.010065447222688206,-0.0172881355932204,0.04898472898137274,0.05335911785814029,-0.03415390001491159,47.90365125642092,3050.1099999999997,3161.5646,3569.0355,0.3739117399584423,37916056764.833336,0.0031065,0.5081741666666667,0.35625390446418453,-0.38392021635531176,0.985933614771032,0.24838214246569404,-0.1048174371789539
2025-12-20 00:00:00+00:00,2979.49,2994.41,2964.17,2977.93,91783.7734,0.00808951184211848,-0.004335226147021531,-0.009698011706117837,0.0500952003572952,-0.0005269340493372354,-0.043892713122543836,46.97446941260528,3049.575238095238,3144.1634000000004,3570.9583500000003,0.37265060336007716,38211996244.166664,0.0022741666666666665,0.4915773333333333,0.4735031042679893,-0.9040927900514737,-0.41380596689254107,-1.6129245990830323,-0.15127652936973596
2025-12-21 00:00:00+00:00,2977.93,3013.4,2944.0,3002.02,162244.8067,0.0024883245281510646,-0.01817109812726103,-0.017025203029959912,0.04752799781480466,0.00808951184211848,-0.020068549045209716,47.09691669762353,3050.0876190476192,3126.7283999999995,3572.93005,0.3872631307619185,37560397391.666664,0.0027725000000000002,0.503401,0.12175293248731633,-0.4930781606372946,0.5394280797625923,-1.4095358823499782,-0.14515416511882365
2025-12-22 00:00:00+00:00,3002.03,3077.39,2963.43,3009.49,298443.5633,-0.0147765900534641,-0.0350690648581653,-0.02378808369524399,0.07160681710190109,0.0024883245281510646,0.015056410948277366,43.89514145468871,3060.107619047619,3108.7866000000004,3575.90745,0.3996714158651046,38460093112.0,0.0029998333333333335,0.5128315,0.503138197086571,-0.2747054816755747,1.2773289919678172,-0.6572317999459077,-0.3052429272655644
2025-12-23 00:00:00+00:00,3009.48,3035.79,2900.93,2965.02,386465.747,-0.005919015723334087,-0.01248895454330834,0.0029240949470830113,0.11191155540266173,-0.0147765900534641,0.0009182054484691005,27.650172204213902,3058.6290476190475,3096.0103999999997,3578.35205,0.3355377954809224,38008589509.333336,0.004710666666666667,0.5038366666666666,0.20861006761377585,1.0006402050570955,0.5309653290286764,-0.15805476816665484,-1.1174913897893048
2025-12-24 00:00:00+00:00,2965.03,2978.15,2888.7,2947.47,197035.55980000002,-0.014765205413456273,0.0005360529538893655,0.008200253098419985,0.07506437724556991,-0.005919015723334087,0.040226011032331144,26.49367831155375,3047.158095238095,3089.2188,3580.46625,0.3206561242399666,37472747514.0,0.005638166666666666,0.5126236666666667,-0.14749637523629322,1.6427145788013269,1.1968613702866662,-1.1585347885702753,-1.1753160844223125
2025-12-25 00:00:00+00:00,2947.48,2971.46,2891.2,2903.95,188721.2981,0.008278379448682038,0.016171077325711547,0.034518500662890306,0.069801477298163,-0.014765205413456273,0.026649508408842504,28.00469669384414,3036.238571428571,3078.812,3582.43685,0.25640199299107835,37365887856.5,0.004491,0.4919548333333334,-0.270405807419918,0.7607551824214822,-0.4594973860976308,-1.1342339239702266,-1.0997651653077931
2025-12-26 00:00:00+00:00,2903.9,2994.38,2894.26,2927.99,314830.9989,0.007192647515872785,0.0033845744008689227,0.06743875491378049,0.054785023172893466,0.008278379448682038,-0.0172881355932204,37.53991326311772,3031.772380952381,3071.0690000000004,3583.67615,0.3134533436093033,37399215513.833336,0.0026023333333333332,0.49654833333333337,-0.2831993697266467,-0.6716889472380078,-0.08294062684127329,-0.4108506629079947,-0.623004336844114
2025-12-27 00:00:00+00:00,2928.0,2960.89,2917.13,2949.05,95040.3956,0.0006307115850865408,0.008355233041148713,0.06037876604330217,0.04668283006391882,0.007192647515872785,-0.009698011706117837,36.66253201668898,3027.5338095238094,3061.3289999999997,3584.3394,0.362419273601936,36981374862.666664,0.0037408333333333334,0.4887046666666666,-0.5488728313398112,0.13279157170006248,-0.6933516053659604,-1.5561061439645867,-0.6668733991655511
2025-12-28 00:00:00+00:00,2949.05,2961.23,2924.54,2950.91,128834.139,-0.004408809485887288,0.00702495162509198,0.06567126750731123,0.05847009905418998,0.0006307115850865408,-0.017025203029959912,40.14943393585188,3022.3461904761903,3052.317,3585.2359,0.3803576331638781,37016166141.0,0.002518166666666667,0.4873341666666667,-0.5388429288870794,-0.9232379546470747,-0.7655535140873789,-1.2936821400072724,-0.4925283032074059
2025-12-29 00:00:00+00:00,2950.91,3057.78,2910.25,2937.9,485959.1824,0.01218217093842533,0.0225637360019062,0.09771945947785832,0.05372885394329274,-0.004408809485887288,-0.02378808369524399,47.22651023978596,3013.476666666667,3039.4057999999995,3586.7121500000003,0.37431150612577924,38679668880.5,0.0031121666666666663,0.4990925,0.4734044704449258,-0.43660330617549076,0.12879479118667234,0.5440895931259878,-0.13867448801070204
2025-12-30 00:00:00+00:00,2937.91,3009.8,2919.44,2973.69,286583.2879,-0.0006893791888193945,0.05103423692449449,0.10866969993509756,0.11841516768728422,0.01218217093842533,0.0029240949470830113,51.09711225413704,2997.0790476190473,3027.5225999999993,3588.6846499999997,0.480951642019522,37743792485.5,0.005495,0.4984841666666666,-0.15692676721696497,1.4807533156412724,0.100579569979356,-0.5400222762221243,0.05485561270685189
2025-12-31 00:00:00+00:00,2973.69,3028.08,2958.91,2971.64,233729.5887,0.01095354753604072,0.052317911994723465,0.06632028105692478,0.1289792841663191,-0.0006893791888193945,0.008200253098419985,67.60635179568223,2980.293333333333,3018.6002000000003,3590.88905,0.5150380551001692,36675299070.333336,0.0065195,0.508309,-0.9513038108809001,2.0649345467291704,0.8979906965741883,-0.7999753862263572,0.8803175897841115
2026-01-01 00:00:00+00:00,2971.65,3010.0,2971.15,3004.19,136088.5207,0.04036362546976058,0.046771342691374285,0.03410569904034033,0.10468712032195038,0.01095354753604072,0.034518500662890306,70.90913420325744,2969.1885714285713,3010.3856,3593.1719499999995,0.6572005499092719,37166273340.333336,0.006284833333333333,0.5037891666666666,-0.690996892224762,1.717576164449993,0.5184961264520173,-1.2923747937777155,1.0454567101628718
2026-01-02 00:00:00+00:00,3004.19,3150.01,2992.49,3125.45,369891.2449,0.0005311235182134943,0.03184821385720449,-0.01185429298181051,0.05465772928698276,0.04036362546976058,0.06743875491378049,68.69763509185475,2971.1214285714286,3008.2638,3596.0783500000002,1.1097376845891191,40605165286.166664,-0.0010515000000000001,0.5163635,1.6747509377991094,-2.926230864592045,1.512683685377973,0.13792022673057983,0.9348817545927375
2026-01-03 00:00:00+00:00,3125.46,3136.71,3076.0,3127.11,134405.2258,0.0056250019986503474,0.05427695220187334,-0.012916079063416519,0.058664389804004236,0.0005311235182134943,0.06037876604330217,69.10702392540604,2971.715238095238,3008.558,3599.1641499999996,1.051795324076006,41594915750.833336,0.0014668333333333332,0.5024196666666666,2.1096406698463523,-1.298316960982452,0.346746554993895,-1.2103844954755798,0.955351196270302
2026-01-04 00:00:00+00:00,3127.11,3167.22,3118.75,3144.7,181576.0686,0.025531847235030325,0.007638248481572241,-0.006757401341940361,0.0443062931281204,0.0056250019986503474,0.06567126750731123,68.58393247889964,2975.5819047619048,3008.0943999999995,3602.2626499999997,1.0100366578158657,41676852053.833336,0.004903333333333333,0.5076828333333333,1.9402408303964718,0.7250615480814271,0.738451372561816,-0.866521794623058,0.929196623944982
2026-01-05 00:00:00+00:00,3144.71,3265.66,3135.02,3224.99,382446.6618,0.022279138850042957,-0.036694687425387285,-0.04007454286679957,-0.010989181361802602,0.025531847235030325,0.09771945947785832,73.59316838186994,2987.9695238095237,3010.6884000000005,3605.7819999999997,1.0924235827767805,41900051959.0,0.005566499999999999,0.49120633333333336,1.8784142393830476,1.0498739004424988,-0.6241058151243027,0.3162562801876231,1.1796584190934971
2026-01-06 00:00:00+00:00,3224.99,3308.86,3183.27,3296.84,412503.50659999996,-0.03886145521165729,-0.06322417830407301,0.008790235498234766,-0.10827337693063666,0.022279138850042957,0.10866969993509756,84.27326061807965,3003.9,3015.9964,3610.23375,1.1228223427115007,41956663444.166664,0.004249833333333334,0.5029210000000001,1.7473714608982203,0.26764596398710067,0.3529837009454624,0.4968605599136342,1.7136630309039824
2026-01-07 00:00:00+00:00,3296.83,3296.84,3125.42,3168.72,321350.1225,-0.01958835113231827,-0.02587795702996798,0.05876189754853711,-0.05884079375899409,-0.03886145521165729,0.06632028105692478,68.6033801395779,3019.8633333333332,3016.8976000000002,3614.5987,0.8148076549327803,41196612365.5,0.0065075,0.4954771666666667,1.2395356583928065,1.541499525094725,-0.26409159917917546,-0.03942173016609497,0.9301690069788947
2026-01-08 00:00:00+00:00,3168.72,3184.39,3054.65,3106.65,343616.1005,-0.005874495034844607,0.005407754333445869,0.06825358505142187,-0.04955820578436576,-0.01958835113231827,0.03410569904034033,66.5280495759948,3033.105238095238,3018.5209999999997,3618.9934500000004,0.6592485611865381,40452107542.166664,0.005197833333333333,0.49265699999999996,0.8115256915278555,0.7453436399548531,-0.5319321447264872,0.16234817611096936,0.8264024787997399
2026-01-09 00:00:00+00:00,3106.66,3148.41,3058.69,3088.4,274587.4533,-0.0005439709882140153,0.002379873073436123,0.06730993394638007,-0.04273733972283389,-0.005874495034844607,-0.01185429298181051,63.204425346965,3038.2909523809526,3023.6045999999997,3622.3771500000003,0.606092727774412,40065974583.333336,0.0064005,0.4999423333333333,0.6387238138617466,1.4376048949314713,0.11125709597640987,-0.24369975105327574,0.6602212673482502
2026-01-10 00:00:00+00:00,3088.4,3104.12,3077.99,3086.72,82341.0546,0.011899362430022764,0.07746086460709112,0.07251710553597346,-0.04324979266017004,-0.0005439709882140153,-0.012916079063416519,61.70603540635679,3043.4714285714285,3030.022,3625.5685000000003,0.59273497606448,40150015970.666664,0.007140333333333333,0.49607433333333334,0.7038435009959831,1.7218092990105773,-0.29169432801893064,-1.4545626890933543,0.5853017703178395
2026-01-11 00:00:00+00:00,3086.72,3147.27,3084.46,3123.45,149381.2965,-0.008868398725767945,0.07410715714994653,0.05141109990555326,-0.0981478813491492,0.011899362430022764,-0.006757401341940361,63.84973510996948,3049.253809523809,3037.0886,3629.0932999999995,0.6612116824498286,40177715921.166664,0.0075478333333333335,0.5013588333333333,0.7331009979542054,1.7674020501791523,0.15412136860262177,-0.9339544118330092,0.6924867554984739
2026-01-12 00:00:00+00:00,3123.46,3171.49,3065.55,3095.75,297373.4681,0.07431801663571025,0.07201485908099814,0.0302996042962127,-0.05342808689332157,-0.008868398725767945,-0.04007454286679957,62.37864458350976,3053.3614285714284,3042.9604000000004,3632.49225,0.585920302977877,39634963956.333336,0.0062545,0.48299916666666665,0.4501646867512838,1.0239457702534538,-1.6624651255884568,0.03782083209277848,0.6189322291754881
2026-01-13 00:00:00+00:00,3095.75,3367.79,3091.96,3325.82,457782.2816,0.008749721873101857,-0.008882020073245123,-0.11604356218917444,-0.08991767443818377,0.07431801663571025,0.008790235498234766,71.1649656797336,3070.542380952381,3050.4092000000005,3637.0055000000007,1.0090125850758458,39929411522.5,0.005089666666666667,0.5229793333333334,0.6058446380530491,0.40728618783015136,2.052845339919194,1.0860640695846815,1.0582482839866798
2026-01-14 00:00:00+00:00,3325.83,3402.89,3280.48,3354.92,503440.0759,-0.010799065253418894,-0.013222371919449638,-0.11107567393559314,-0.10257770677095124,0.008749721873101857,0.05876189754853711,72.31174032505938,3089.944761904762,3058.3203999999996,3641.6019999999994,0.9911105312229151,41572847897.0,0.006379666666666666,0.4856915,1.4188174138023089,1.0236796843279747,-1.3392468097091719,1.4082608859527452,1.1155870162529689
2026-01-15 00:00:00+00:00,3354.92,3384.19,3273.72,3318.69,389993.836,-0.0067526644549505965,-0.010443879964684766,-0.11028447971940736,-0.14948669505136059,-0.010799065253418894,0.06825358505142187,68.22977046139577,3109.694285714286,3064.163,3645.695,0.8774856505196976,41443369145.5,0.0042655,0.5072873333333333,1.2558357951593009,-0.05551182069062425,0.6611867439338299,0.6295117610907894,0.9114885230697887
2026-01-16 00:00:00+00:00,3318.7,3326.79,3253.01,3296.28,223921.7876,0.0043321562488622956,-0.03237892412052379,-0.10310713895664214,-0.17865593942262192,-0.0067526644549505965,0.06730993394638007,61.18363338788872,3127.2319047619044,3069.7839999999997,3649.7490500000004,0.8039093959265954,40917339872.5,0.005513333333333333,0.49391466666666667,0.9198486441645526,0.5398223250717894,-0.6920842400298751,-0.45471725906250443,0.5591816693944359
2026-01-17 00:00:00+00:00,3296.28,3330.26,3283.96,3310.56,124325.0303,-0.008013749939587145,-0.11196897201681888,-0.10793944226958585,-0.2593549127640037,0.0043321562488622956,0.07251710553597346,61.814598709378245,3144.4466666666667,3075.3722,3654.2768,0.8016579844195305,41425427661.5,0.0034865,0.49157883333333335,1.1327563949823158,-0.5318302834391141,-0.8742130814700546,-1.1181879160358361,0.5907299354689123
2026-01-18 00:00:00+00:00,3310.56,3368.82,3278.86,3284.03,173354.3026,-0.02876953012000505,-0.0918871021275689,-0.14224595999427547,-0.3087304318170053,-0.008013749939587145,0.05141109990555326,58.87101908800349,3160.309523809524,3081.2695999999996,3657.8449,0.730454075403363,41381279083.833336,0.002599,0.5082653333333332,1.0363782989948187,-0.9782883833153293,0.8767732853685848,-0.7026952742579238,0.44355095440017467
2026-01-19 00:00:00+00:00,3284.04,3284.58,3165.38,3189.55,442540.5596,-0.07827749996080957,-0.07426125942531081,-0.08126538226395585,-0.26415325045852867,-0.02876953012000505,0.0302996042962127,47.783614759224534,3172.292857142857,3085.2354000000005,3660.8363999999997,0.5162175659548178,41101501312.5,0.0034068333333333333,0.4718561666666667,0.8270011701725412,-0.5901175580613136,-2.5535637153842816,1.3628811466860817,-0.1108192620387733
2026-01-20 00:00:00+00:00,3189.56,3200.5,2920.0,2939.88,518166.4787,0.014418955875749928,0.005622678476672416,0.029555628120875532,-0.24020028028354912,-0.07827749996080957,-0.11604356218917444,31.737813612736872,3170.682857142857,3088.0516,3662.9956,-0.017795761032400575,40253272977.333336,0.004402666666666667,0.4805011666666667,0.32021161729931114,-0.09556408675045067,-1.6022999132058533,1.7892435307754644,-0.9131093193631564
2026-01-21 00:00:00+00:00,2939.88,3069.07,2866.11,2982.27,577800.2481,-0.009918619038517651,-0.009740902064534818,0.00955983194009935,-0.2796561008895907,0.014418955875749928,-0.11107567393559314,39.54396078915197,3171.189047619048,3087.7756,3665.3249,0.08234149774149863,39415996330.5,0.0011531666666666667,0.491287,-0.16669685849847546,-1.7248881692082942,-0.591449188785586,2.0118622983968106,-0.5228019605424017
2026-01-22 00:00:00+00:00,2982.28,3038.33,2906.02,2952.69,291660.7349,0.0012598681202564688,-0.04599195987387783,-0.04406151678638792,-0.3812997639440646,-0.009918619038517651,-0.11028447971940736,41.039459899895235,3168.7366666666667,3083.0622000000003,3667.2366,0.07425965531682047,38987398334.0,0.0045215,0.4958256666666667,-0.43215357610405747,0.004128013109993742,-0.15389073839076578,0.007268032026835085,-0.4480270050052383
2026-01-23 00:00:00+00:00,2952.7,3019.26,2892.4,2956.41,318415.3317,-0.001079011368517957,-0.008814744910212058,-0.08423391884075615,-0.30206568101176756,0.0012598681202564688,-0.10310713895664214,42.18596445528492,3160.687142857143,3079.5252,3669.3071999999997,0.12309871138855734,39104079621.5,0.003323,0.4934308333333333,-0.4078363323115056,-0.5705570468321063,-0.32554444773836805,0.1706652752777828,-0.3907017772357541
2026-01-24 00:00:00+00:00,2956.41,2970.41,2943.84,2953.22,92082.9039,-0.04616317104719592,0.024905018928491618,-0.16973676190734177,-0.29328664982629127,-0.001079011368517957,-0.10793944226958585,42.110675113464445,3152.406666666667,3078.1540000000005,3670.99705,0.15448563932052006,38507408503.333336,0.003524666666666667,0.4966346666666667,-0.8010302151637004,-0.44907587994385134,-0.03672663415385542,-1.397844101444219,-0.39446624432677774
2026-01-25 00:00:00+00:00,2953.23,2960.29,2787.0,2816.89,380186.5326,0.04027846312777572,0.06883122876647652,-0.19409348607861854,-0.2581392954641467,-0.04616317104719592,-0.14224595999427547,33.791557397851264,3136.7966666666666,3073.7306,3671.2378000000003,0.011572635016219909,38052164686.5,0.0009626666666666664,0.478007,-1.1077753721024755,-1.6669034828951703,-1.6623103415462224,0.6030589493445714,-0.8104221301074368
2026-01-26 00:00:00+00:00,2816.9,2951.21,2812.37,2930.35,485169.3372,0.03290391932704284,-0.03677376422611622,-0.19906495811080582,-0.28164894978415544,0.04027846312777572,-0.08126538226395585,41.98208330101604,3122.7661904761903,3071.1406,3671.1331,0.21759532681344157,37536627750.666664,0.004380166666666667,0.5547186666666667,-1.4629689937749413,0.004658611094446055,3.678810299108033,1.2522548780133536,-0.400895834949198
2026-01-27 00:00:00+00:00,2930.35,3035.08,2899.77,3026.77,478792.39879999997,-0.005282859285641095,-0.10552172778242153,-0.2620119797672107,-0.3317397754041437,0.03290391932704284,0.029555628120875532,33.34521435970548,3109.905714285714,3069.1928,3671.4758500000003,0.3771656893552304,38748338035.666664,0.006513833333333333,0.5171935,-0.7794488019183615,0.9882431419600811,1.137684954533684,1.1315346156309443,-0.832739282014726
2026-01-28 00:00:00+00:00,3026.77,3045.78,2983.67,3010.78,296607.6549,-0.06250539727246762,-0.18560970911192465,-0.28647725838487037,-0.3552567773135201,-0.005282859285641095,0.00955983194009935,30.550029389157643,3102.384761904762,3063.0475999999994,3671.8133499999994,0.3612161943020002,39896677389.5,0.006263,0.5006413333333334,-0.05250783761452991,0.8104855700084062,0.06410032086518964,-0.11134554629095557,-0.9724985305421179
2026-01-29 00:00:00+00:00,3010.78,3013.5,2754.53,2822.59,561288.5979,-0.04081712186325326,-0.19572095132484701,-0.35278237363556175,-0.3099068585944116,-0.06250539727246762,-0.04406151678638792,26.071731748726634,3088.8580952380953,3053.0166,3671.0661500000006,0.1220193818969573,38464047960.333336,0.0037093333333333336,0.475252,-1.0427834530592957,-0.41177451169377927,-1.467678531053935,1.6510236679043289,-1.1964134125636683
2026-01-30 00:00:00+00:00,2822.6,2828.65,2636.01,2707.38,793279.6252,-0.09434582511505596,-0.13310285220397589,-0.23786834504207022,-0.2432831741388355,-0.04081712186325326,-0.08423391884075615,23.929558011049693,3070.714285714286,3042.4163999999996,3669.5349500000007,0.0368971370567953,35313893408.166664,5.883333333333334e-05,0.48113500000000003,-2.910216000620482,-1.9771277645500132,-1.0321808351728068,2.699595477006595,-1.3035220994475154
2026-01-31 00:00:00+00:00,2707.37,2714.64,2250.0,2451.95,1113097.7131999999,-0.07414506821101563,-0.08900263055935076,-0.1488080915189951,-0.1490079324619179,-0.09434582511505596,-0.16973676190734177,18.677357926148588,3040.4871428571428,3029.7582,3666.10525,-0.111593139431805,33361383420.0,-0.005628666666666666,0.4818896666666667,-3.3361080897865336,-3.424166273368777,-0.9286739369018531,3.4421398351768606,-1.5661321036925706
2026-02-01 00:00:00+00:00,2451.96,2475.98,2222.0,2270.15,1026573.9466,0.03386119859921144,-0.05369248728057607,-0.0794705195691916,-0.13372244124837573,-0.07414506821101563,-0.19409348607861854,16.776768510872543,2999.8538095238096,3012.8684,3660.5992499999998,-0.11804734834961281,28688453206.833332,-0.0056175,0.4876836666666667,-3.833637946673482,-2.9629335465624522,-0.5305039119515099,2.5692215430655434,-1.6611615744563728
2026-02-02 00:00:00+00:00,2270.16,2396.62,2157.14,2347.02,1248535.2114,-0.048273981474380334,-0.22163850329353818,-0.10310947499382195,-0.14856711915535448,0.03386119859921144,-0.19906495811080582,22.06928559588927,2964.2000000000003,2998.5387999999994,3654.95,0.02590781997317989,28119956607.666668,-0.0110385,0.5031186666666666,-3.1495478488373956,-3.4654817563982885,0.4199333062642236,2.8539173712279133,-1.3965357202055366
2026-02-03 00:00:00+00:00,2347.01,2359.88,2110.0,2233.72,1321099.3867,-0.03825904768726596,-0.07625843883745487,-0.09448364163816403,-0.10836631269809993,-0.048273981474380334,-0.2620119797672107,24.26305507770357,2912.1952380952384,2983.9162,3648.384,0.014899116071452572,27226603965.666668,-0.0025438333333333333,0.4821181666666667,-2.8037158529094484,-1.3224059284189777,-0.8195129778277822,2.6206012771424834,-1.2868472461148215
2026-02-04 00:00:00+00:00,2233.72,2295.74,2076.68,2148.26,1264743.43,-0.14962341616005526,-0.028478861962704882,-0.09639429119380338,-0.08953757925018391,-0.03825904768726596,-0.28647725838487037,20.52864058800664,2854.7352380952384,2967.6353999999997,3641.16525,0.026412259213059737,26420345589.0,0.004271166666666667,0.49119266666666667,-2.552442059887791,0.2802010939014239,-0.2618739742240713,2.155353322754848,-1.473567970599668
2026-02-05 00:00:00+00:00,2148.25,2173.77,1818.18,1826.83,1952286.6951,0.12948659700136322,0.14391596371857251,0.06624590137013286,0.06691919883076158,-0.14962341616005526,-0.35278237363556175,17.018397000234344,2783.694285714286,2947.5022,3631.5159499999995,-0.07110203405747552,24857140769.5,-0.0029010000000000004,0.4895851666666666,-2.4824509750465857,-1.3062072436010637,-0.3339281056248852,3.1659193596620616,-1.6490801499882828
2026-02-06 00:00:00+00:00,1826.83,2093.94,1747.8,2063.38,2102311.5573,0.011486008393994274,0.020180480570713977,-0.00710484738632744,-0.04579864106466092,0.12948659700136322,-0.23786834504207022,26.97937235452123,2724.984761904762,2932.1983999999998,3623.0212,0.1181843455033754,23932327392.0,0.00010216666666666664,0.5124575,-2.317382883769259,-0.577904515813176,1.0197340706999383,2.853024268005622,-1.1510313822739384
2026-02-07 00:00:00+00:00,2063.37,2121.7,1994.57,2087.08,1142616.4487,0.0012745079249476543,-0.030861299039806722,-0.00023477777564817615,-0.05449240086628204,0.011486008393994274,-0.1488080915189951,27.906169967451305,2666.7238095238095,2914.35,3614.72555,0.16619809796791635,24781813959.333332,0.0010090000000000001,0.48796316666666667,-1.941436962358536,-0.33956995653563976,-0.4490234988571928,0.9564773365939895,-1.1046915016274348
2026-02-08 00:00:00+00:00,2087.08,2152.03,2064.1,2089.74,482837.2515,0.007311914400834674,-0.07109018346779972,-0.05893556136170042,-0.06312747040301658,0.0012745079249476543,-0.0794705195691916,30.094115972340077,2609.852857142857,2896.5861999999997,3607.0328000000004,0.1980101916667246,24855537079.833332,-0.0022216666666666665,0.5024083333333333,-1.7522861751483403,-1.0127037075592102,0.4151957088564036,-0.30462567127677925,-0.9952942013829962
2026-02-09 00:00:00+00:00,2089.73,2147.73,2008.62,2105.02,625378.5569,-0.03912076844875578,-0.07466437373516643,-0.05068360395625693,-0.11815564697722591,0.007311914400834674,-0.10310947499382195,26.12293075814823,2558.2085714285718,2878.6462,3599.0232,0.23569786495941564,24622388249.833332,0.0013645,0.49634466666666666,-1.637274524730667,-0.15020407304842898,0.0501354028848092,-0.06945904194661719,-1.1938534620925885
2026-02-10 00:00:00+00:00,2105.02,2124.71,1989.38,2022.67,574321.6908,-0.04028833175950597,0.012879016349676364,-0.01533122061433645,-0.08440823268254338,-0.03912076844875578,-0.09448364163816403,20.712627317380495,2514.5319047619046,2858.9098,3590.5117499999997,0.2158478808108598,24291395315.833332,-0.002983833333333333,0.49578300000000003,-1.5518802708657806,-1.0975053018875787,0.027604925322550225,-0.19944037676344667,-1.4643686341309752
2026-02-11 00:00:00+00:00,2022.67,2032.31,1903.19,1941.18,529655.8177,0.003436054358688878,0.07490804562173525,0.007588168021512631,0.05991201228118981,-0.04028833175950597,-0.09639429119380338,19.950329265277688,2464.9561904761904,2838.433,3581.5121500000005,0.19887711109907952,23532387563.666668,-0.004202833333333334,0.5024255000000001,-1.5314037220927461,-1.2916993208559193,0.3915808981767084,-0.3054628718210825,-1.5024835367361156
2026-02-12 00:00:00+00:00,1941.19,2001.42,1897.24,1947.85,427567.1469,0.051785301742947265,0.009615730164026948,0.0006314654619195004,0.04098364863824222,0.003436054358688878,0.06624590137013286,22.633587786259525,2417.1066666666666,2818.4406,3571.8909000000003,0.230225031137156,23460381972.5,-0.0009004999999999999,0.5029256666666666,-1.4261022818473783,-0.4752929223991913,0.48433866329475384,-0.5062176061995899,-1.3683206106870238
2026-02-13 00:00:00+00:00,1947.85,2073.68,1924.72,2048.72,425649.7698,0.018484712405794967,-0.024595845210668044,-0.03897067437229085,-0.05802647506735903,0.051785301742947265,-0.00710484738632744,29.207126892528365,2373.8833333333337,2801.336,3563.1395,0.3120901712251408,24237838484.166668,0.0021653333333333333,0.49673966666666663,-1.2300184777235523,0.29212316391225446,0.06828706068652371,-0.5037191553388788,-1.0396436553735817
2026-02-14 00:00:00+00:00,2048.72,2107.67,2042.37,2086.59,220677.2355,-0.05751489271970067,-0.04549528177552853,-0.05427036456611034,-0.05850694194834638,0.018484712405794967,-0.00023477777564817615,36.62958354680524,2332.615238095238,2784.508,3554.6034999999997,0.354710709436636,25185605263.333332,2.0166666666666688e-05,0.5090264999999999,-1.0286414902531849,-0.19776246487923668,0.8479607182006275,-0.8917075552889907,-0.6685208226597379
2026-02-15 00:00:00+00:00,2086.59,2103.32,1928.88,1966.58,834778.0952,0.016144779261459075,-0.005425662825819355,-0.004454433585208806,-0.013663313976548075,-0.05751489271970067,-0.05893556136170042,38.36459666848088,2292.1242857142856,2764.8586000000005,3545.3864000000003,0.29563030021273135,24105814695.833332,0.0017066666666666664,0.4962026666666666,-1.1040758766827157,0.25434293589836476,0.025277557628580298,0.28019702592685336,-0.581770166575956
2026-02-16 00:00:00+00:00,1966.59,2023.51,1937.24,1998.33,351347.9433,-0.0033377870521884567,-0.024645579058513833,-0.07107434707981164,0.014522125975189315,0.016144779261459075,-0.05068360395625693,36.156393174473365,2247.7423809523807,2745.8070000000002,3536.8860999999997,0.33270956900820203,23404788480.0,0.0005096666666666667,0.5055965,-1.1280420853307729,-0.02235395916566769,0.59173176339482,-0.708614832138686,-0.6921803412763318
2026-02-17 00:00:00+00:00,1998.34,2015.33,1941.66,1991.66,406246.9427,-0.01794985087816192,-0.01143769518893789,-0.07015253607543459,-0.004448550455399047,-0.0033377870521884567,-0.01533122061433645,39.50085013359243,2198.4514285714286,2726.8822000000005,3529.4034,0.33682035914108305,23442730803.0,0.0006938333333333333,0.49280016666666665,-1.055535342278118,0.040771467191813286,-0.1895949919559913,-0.6218464157392255,-0.5249574933203786
2026-02-18 00:00:00+00:00,1991.67,2039.05,1923.78,1955.91,393639.0086,-0.003491980714859122,0.008916565690650247,0.05192979227060546,0.08761650587194714,-0.01794985087816192,0.007588168021512631,41.28099360863062,2148.2195238095237,2706.5266,3522.2132499999993,0.3059070691376668,23765873823.333332,-0.0014056666666666668,0.5020991666666667,-0.9489944077647914,-0.4569698165337996,0.35628607571326887,-0.6430322408304178,-0.4359503195684692
2026-02-19 00:00:00+00:00,1955.9,1987.55,1907.0,1949.08,300257.0733,0.010158638947606047,0.00448416688899389,0.040326718246557425,0.06350688529973136,-0.003491980714859122,0.0006314654619195004,57.7525524763777,2106.6238095238095,2686.0753999999997,3514.47495,0.29051168237747377,23909394856.5,-0.0020701666666666668,0.4880235,-0.8707285270704903,-0.5799513134437273,-0.609827023842914,-0.8117480257170028,0.38762762381888505
2026-02-20 00:00:00+00:00,1949.08,1981.18,1922.97,1968.88,386253.5557,0.002270326276867962,-0.057179716386981494,-0.01982853195725498,0.004977449108122256,0.010158638947606047,-0.03897067437229085,41.735175791499046,2071.4571428571426,2665.3691999999996,3505.7144,0.3334776643589009,24048062628.833332,-0.0013995000000000004,0.5033288333333333,-0.7949696124337575,-0.3826933712968459,0.40070448995495583,-0.6208262761230875,-0.4132412104250477
2026-02-21 00:00:00+00:00,1968.88,1995.56,1955.62,1973.35,179173.8456,-0.00786986596396988,-0.06152481820254885,-0.004479691894494042,-0.001905389312590211,0.002270326276867962,-0.05427036456611034,39.70713341900918,2048.6666666666665,2642.3271999999997,3497.52115,0.3609305210117514,24164389894.666668,0.004238666666666667,0.505439,-0.7242877023254621,1.0883152674831664,0.5196282595103753,-1.0233402589053688,-0.5146433290495409
2026-02-22 00:00:00+00:00,1973.35,1983.13,1935.0,1957.82,155325.6482,-0.05185359226077979,0.05090355599595475,-0.009250084277410586,-0.010583199681278188,-0.00786986596396988,-0.004454433585208806,38.33268475607601,2033.7938095238094,2618.9413999999997,3488.8937,0.3338358178537719,24109044558.833332,0.0016388333333333335,0.5024671666666667,-0.6825576587138876,0.4294406611556743,0.29872919916077023,-1.0495820465386438,-0.5833657621961994
2026-02-23 00:00:00+00:00,1957.82,1958.33,1837.13,1856.3,547359.4869,-0.002348758282605168,0.09232343909928353,0.09214566611000374,0.07363033992350387,-0.05185359226077979,-0.07107434707981164,30.91408576076614,2010.4261904761904,2593.1734,3478.62365,0.06631354244499271,23932993260.5,-0.006808666666666667,0.49776516666666665,-0.662240661469923,-1.6444732443617578,-0.021093520212027286,-0.3101099925658296,-0.9542957119616929
2026-02-24 00:00:00+00:00,1856.3,1869.58,1800.0,1851.94,438064.0284,0.11098631705130835,0.04206399775370695,0.07066103653466094,0.09966305603853254,-0.002348758282605168,-0.07015253607543459,35.117418365034254,1992.2461904761903,2565.7124,3467.8358499999995,0.09019742611454902,23491878867.833332,-0.0027335,0.4885551666666667,-0.6915202035868846,-0.5753276745393278,-0.6835503281049948,-0.5370200553885212,-0.7441290817482873
2026-02-25 00:00:00+00:00,1851.95,2148.39,1846.74,2057.48,682979.4378,-0.014483737387483653,-0.04518634446021352,0.03392499562571705,-0.002678033322316753,0.11098631705130835,0.05192979227060546,58.33524453873057,1987.9233333333334,2540.9251999999997,3456.82015,0.7098660878806319,25012927274.0,0.004673,0.5286166666666666,-0.3532810929424796,1.2926111769766264,2.7233739925013345,-0.052598678966835274,0.41676222693652853
2026-02-26 00:00:00+00:00,2057.48,2083.33,1975.35,2027.68,439783.3566,-0.04825218969462641,-0.04338455772113947,0.022281622346721486,0.022607117493884665,-0.014483737387483653,0.040326718246557425,55.53782760103779,1997.4876190476189,2518.1044,3445.7057,0.6163421190185957,26645844820.666668,0.001374,0.5157336666666666,0.06048126343582763,0.5310997412039348,1.6097894293026327,-0.5454010143816937,0.2768913800518895
2026-02-27 00:00:00+00:00,2027.68,2063.52,1887.0,1929.84,428687.234,0.017965219914604313,0.05052750487087021,0.025307797537619692,0.0841416905028396,-0.04825218969462641,-0.01982853195725498,41.71844957784157,1991.1285714285716,2494.5682,3434.2387999999996,0.29776612708364264,25081011652.833332,-0.0026525,0.4937643333333333,-0.21888252093580526,-0.48950471927088135,-0.31057673306008243,-0.5808040916792839,-0.4140775211079216
2026-02-28 00:00:00+00:00,1929.84,1984.99,1835.36,1964.51,461680.9835,-0.012624013112684573,0.009310209670604808,0.002585886556953021,0.06701416638245661,0.017965219914604313,-0.004479691894494042,41.45744115095025,1985.2919047619046,2472.0904,3421.10875,0.44066431329786276,24183174196.666668,-0.00486,0.5054975,-0.4377681864883666,-1.0442739539991257,0.6787292647576286,-0.5048744811472086,-0.42712794245248736
2026-03-01 00:00:00+00:00,1964.51,2054.8,1907.41,1939.71,529196.8464,0.04518201174402359,0.09670002216826235,-0.0013455619654485496,0.12300292311737326,-0.012624013112684573,-0.009250084277410586,47.83072029451182,1978.1476190476194,2449.1502,3407.0608,0.3641806607203514,25216302353.166668,0.003502333333333333,0.4986436666666667,0.07071632089042372,1.276264990437854,-0.022692868071072222,-0.34821973899317665,-0.10846398527440897
2026-03-02 00:00:00+00:00,1939.71,2090.0,1920.0,2027.35,577406.3748999999,-0.021974498729869008,0.022448023281623986,-0.016953165462302966,0.16061360889831544,0.04518201174402359,0.09214566611000374,52.14892923787803,1974.4490476190476,2427.2281999999996,3394.46335,0.7332039279110956,25547167554.5,0.0003391666666666666,0.5024233333333333,0.5395851426926026,0.35125166733608787,0.29830428560632555,-0.21590605604252222,0.10744646189390146
2026-03-03 00:00:00+00:00,2027.34,2041.48,1929.56,1982.8,509329.8534,0.07286665321767205,-0.0020778696792413953,0.027087956425257298,0.1687462174702441,-0.021974498729869008,0.07066103653466094,49.37876875613517,1972.550476190476,2404.9692,3382.18,0.5368559349397612,25337632297.333332,-0.0013211666666666667,0.4949501666666667,0.5512714788001706,-0.16920619862483025,-0.5166916903036618,-0.3233014962422195,-0.031061562193241344
2026-03-04 00:00:00+00:00,1982.81,2199.0,1945.08,2127.28,737644.8152000001,-0.0255819638223459,-0.0741275243503442,-0.03540201571960455,0.03577808280997319,0.07286665321767205,0.03392499562571705,60.42612219072071,1981.4123809523812,2380.9984,3370.7064499999997,1.0325900374721393,27202130853.666668,0.0006198333333333335,0.5005293333333333,2.3538420911654216,0.35196001315438347,0.0870991978394922,0.1924370291611019,0.5213061095360356
2026-03-05 00:00:00+00:00,2127.28,2163.66,2054.75,2072.86,432157.8126,-0.045434809876209736,-0.06549405169668965,0.00031840066381705334,0.03133351987109578,-0.0255819638223459,0.022281622346721486,57.11853879597894,1987.365238095238,2355.3572,3358.7090999999996,0.8203436598229485,27774281207.0,0.0011183333333333334,0.5124061666666667,2.7446701298349927,0.4906132051100025,1.2937041595886833,-0.41146411807060246,0.35592693979894713
2026-03-06 00:00:00+00:00,2072.86,2093.33,1955.95,1978.68,411597.75690000004,-0.004593971738734992,0.00722704024905485,0.057381688802635944,0.08467261002284343,-0.045434809876209736,0.025307797537619692,50.519177791905065,1984.03,2328.5570000000002,3347.03755,0.4991433316186173,26224277870.5,-0.0008408333333333333,0.4971045,1.3855228094552383,-0.16477284836364492,-0.4297548586622268,-0.4080585455407464,0.025958889595253255
2026-03-07 00:00:00+00:00,1978.68,1996.04,1948.09,1969.59,184459.82,-0.016495818926781758,0.03397661442229105,0.06426210531125753,0.05852994785716814,-0.004593971738734992,0.002585886556953021,49.80177558465659,1978.4585714285713,2302.0232,3336.5075500000003,0.46347045379635143,25544023828.666668,-0.0014828333333333334,0.49577333333333334,0.7480160980674764,-0.43245742629848377,-0.6170106156177981,-0.9668204636330011,-0.009911220767170548
2026-03-08 00:00:00+00:00,1969.6,1979.8,1916.14,1937.1,391189.7317,0.028847245883021122,0.059299984512931614,0.1245160291156886,0.060291156884001884,-0.016495818926781758,-0.0013455619654485496,48.92684745903168,1977.054761904762,2274.554,3324.5122499999998,0.3509818618644683,25342420204.666668,-0.007710166666666667,0.4751978333333333,0.5290885827681504,-2.428346749916125,-2.567752219227092,-0.410334175037742,-0.053657627048416145
2026-03-09 00:00:00+00:00,1937.11,2053.52,1929.65,1992.98,550825.4883,0.02184166424148759,0.04041184557797872,0.18062900781743907,0.07980511595700923,0.028847245883021122,-0.016953165462302966,57.430360754126156,1976.8000000000002,2248.733,3313.35065,0.5648264003299615,25970446116.833332,0.0025895,0.5052596666666667,1.0329966487940154,1.065349771473798,0.5110059484561417,0.6173002925944028,0.37151803770630776
2026-03-10 00:00:00+00:00,1992.97,2088.19,1991.0,2036.51,463411.8739,0.007591418652498572,0.027355623100303816,0.1379222296968834,0.0587868461240062,0.02184166424148759,0.027087956425257298,59.62394802431927,1978.935714285714,2225.6722,3299.37285,0.7123359686978189,27055411794.166668,0.001668,0.5036145,1.8024467329469,0.7082433403218669,0.3311360990465939,0.06502794777734389,0.48119740121596344
2026-03-11 00:00:00+00:00,2036.5,2085.58,2007.17,2051.97,350061.256,0.01050210285725428,0.021535402564365036,0.07379250183969566,0.05704274428963396,0.007591418652498572,-0.03540201571960455,49.641663306582714,1983.51,2207.9139999999998,3285.7407000000003,0.7458248098833463,27137968469.333332,0.001197,0.5062843333333333,1.7064335766328795,0.5523717417595572,0.5784162987274059,-0.6076585208996421,-0.01791683467086429
2026-03-12 00:00:00+00:00,2051.97,2095.0,2017.59,2073.52,400507.8132,0.009018480651259653,0.05053242794860924,0.031005247116015155,-0.0063129364558818235,0.01050210285725428,0.00031840066381705334,53.01348970522495,1989.4357142857143,2189.739,3272.20755,0.7944161617718157,27650965686.333332,-0.0011398333333333334,0.49793233333333337,1.8937482602660123,-0.2580313793462547,-0.31636596201364064,-0.24683327101375377,0.15067448526124744
2026-03-13 00:00:00+00:00,2073.51,2209.03,2070.12,2092.22,599657.0399,0.0018831671621530877,0.12462838516026031,0.025809905268088462,-0.047542801426236125,0.009018480651259653,0.057381688802635944,61.91447522892696,1995.3090476190475,2172.5296000000003,3260.7877500000004,0.8239782080487497,28950933109.5,0.00285,0.5108605,2.456494096390232,1.0332547470661266,1.0114580181917066,1.027783160283761,0.595723761446348
2026-03-14 00:00:00+00:00,2092.21,2106.09,2061.6,2096.16,152500.5822,0.03918594000457998,0.10554060758720718,-0.005386039233646223,-0.048383711167086396,0.0018831671621530877,0.06426210531125753,60.115873430560455,2001.157142857143,2155.3246,3248.2654,0.8031503280764574,27872378716.666668,-0.0004045000000000001,0.4896776666666667,1.6080753904595908,-0.09443719510878859,-1.130845478743625,-1.7058697726134984,0.5057936715280228
2026-03-15 00:00:00+00:00,2096.16,2202.87,2083.35,2178.3,280825.9377,0.08018638387733534,0.011518156360464493,-0.05711334526924683,-0.08890419134187211,0.03918594000457998,0.1245160291156886,66.84838641338888,2011.6561904761904,2139.8262,3236.62335,1.0101327867647723,27955582650.0,0.0014098333333333333,0.5347811666666668,1.529398733798384,0.5436115619126336,2.836208814303422,-0.8790814534058383,0.842419320669444
2026-03-16 00:00:00+00:00,2178.29,2386.02,2164.73,2352.97,845892.7756,-0.015121314763894111,-0.09144187983697194,-0.08539845386893996,-0.13875655023225952,0.08018638387733534,0.18062900781743907,70.47718468581776,2035.3071428571427,2130.5478,3225.8321499999997,1.2798367228528238,32997363043.833332,0.0012223333333333333,0.5319636666666666,3.4383247469184486,0.4628581439898663,2.2922729342285852,2.2403045795864562,1.023859234290888
2026-03-17 00:00:00+00:00,2352.97,2376.66,2294.15,2317.39,493831.1016,-0.049193273467133314,-0.07386326859095793,-0.06954375396458945,-0.09146496705345242,-0.015121314763894111,0.1379222296968834,71.28137283586264,2057.471428571428,2118.2886,3215.6182,1.0589649190744033,33154396594.666668,0.0007843333333333332,0.5012848333333334,2.8655699341599528,0.3237043564913245,-0.13103089291784512,0.35563056470395754,1.064068641793132
2026-03-18 00:00:00+00:00,2317.38,2350.0,2153.21,2203.39,488040.8887,-0.029763228479751658,-0.05378984201616599,-0.015598691107792995,-0.028610459337656935,-0.049193273467133314,0.07379250183969566,55.03619496314331,2064.4195238095235,2101.821,3204.7666499999996,0.7846413232221209,31242739851.833332,0.0022256666666666666,0.49523849999999997,1.8947107296982073,0.7965287309272087,-0.577762625800107,0.2929323287835775,0.25180974815716545
2026-03-19 00:00:00+00:00,2203.39,2233.72,2099.38,2137.81,490791.679,0.003933932388752837,-0.039255125572431604,-0.03619592012386508,-0.03772084516397611,-0.029763228479751658,0.031005247116015155,54.23518825232461,2069.6638095238095,2084.3615999999997,3193.4965500000003,0.6307017686962171,29367636715.5,0.000756,0.48644133333333334,1.0958757505262064,0.2901174368434741,-1.2303117407807724,0.2923049069089171,0.2117594126162306
2026-03-20 00:00:00+00:00,2137.82,2176.84,2116.88,2146.22,300156.1778,-0.028585140386353625,0.002707085014584054,-0.07150711483445304,-0.04304777702192686,0.003933932388752837,0.025809905268088462,62.30066664708817,2079.967619047619,2070.8342,3182.65515,0.6316570966994955,29076031946.833332,-7.228014483236696e-20,0.5084026666666667,0.9198913319522647,0.01400356345063946,0.44618222631746224,-0.8548163452823783,0.6150333323544086
2026-03-21 00:00:00+00:00,2146.21,2168.27,2070.78,2084.87,132559.4646,-0.014859439677294084,0.03422755375634945,-0.04323051317348314,-0.009281154220646792,-0.028585140386353625,-0.005386039233646223,57.86057167794022,2085.6990476190476,2058.384,3171.447,0.48145789794139504,28678330791.666668,0.0015873333333333332,0.5000765,0.7125202080405322,0.5219914103107127,-0.2297714063771023,-1.761108425088962,0.39302858389701106
2026-03-22 00:00:00+00:00,2084.86,2127.21,2026.0,2053.89,313070.5572,0.047782500523397164,0.05605460857202682,-0.03371650867378473,0.027401662211705702,-0.014859439677294084,-0.05711334526924683,57.979966382879866,2091.13619047619,2050.4228,3159.4641500000002,0.40718738435116847,27687635402.833332,-0.003071833333333333,0.5024653333333333,0.28126137616933344,-1.0569820615225167,-0.03978830650316316,-0.6898329678475541,0.3989983191439933
2026-03-23 00:00:00+00:00,2053.9,2198.57,2023.04,2152.03,614508.4369,0.001951645655497325,-0.04256446239132372,-0.05834026477326071,-0.02085008108623032,0.047782500523397164,-0.08539845386893996,60.27414958076562,2097.073333333333,2048.0604000000003,3148.73655,0.6157678983224756,28681073386.333332,0.0014455,0.5103443333333334,0.6297702145973553,0.5337218126070662,0.5636631225703446,0.9921677134095898,0.5137074790382808
2026-03-24 00:00:00+00:00,2152.03,2175.16,2103.02,2156.23,316703.4728,0.005931649221094126,-0.07581751482912302,-0.023559638814041217,0.038854853146464086,0.001951645655497325,-0.06954375396458945,58.14754321491766,2105.3319047619048,2044.2446,3137.9804500000005,0.621613810526996,29188829872.666668,0.0011745,0.5014166666666666,0.7810085854548512,0.4448997095536517,-0.1315933269720694,-0.8368401473770447,0.40737716074588304
2026-03-25 00:00:00+00:00,2156.22,2199.02,2146.35,2169.02,275641.5255,-0.050064084240809326,-0.08034965099445834,-0.01321795096402989,0.009672571022858234,0.005931649221094126,-0.015598691107792995,57.99489091977106,2107.3195238095236,2042.9506,3127.4598500000006,0.6394027485459296,30842511249.666668,-0.00011650000000000007,0.5083833333333333,1.3736057422257928,-0.1016098595426562,0.3854772580084586,-1.0214446552158618,0.39974454598855297
2026-03-26 00:00:00+00:00,2169.02,2172.19,2034.54,2060.43,338010.6238,-0.032847512412457536,-0.03678358400916304,-0.0015821940080467112,0.06298199890314149,-0.050064084240809326,-0.03619592012386508,49.20092299803434,2106.727619047619,2041.194,3116.23105,0.3731167558618709,30186523377.166668,0.0001761666666666667,0.48872800000000005,1.0424684557386912,-0.024701253388064705,-1.1526876479232593,-0.6164713403501686,-0.039953850098282825
2026-03-27 00:00:00+00:00,2060.43,2077.19,1970.93,1992.75,394873.5248,0.000998619997490957,0.01692635804792375,0.030651110274745985,0.12660895747083178,-0.032847512412457536,-0.07150711483445304,44.270491331144534,2107.397619047619,2044.5123999999998,3104.66295,0.20289303016352747,29485105966.166668,-0.0046099999999999995,0.48459366666666664,0.6886275417081478,-1.8349120430203563,-1.4132598499295088,-0.2224068395922505,-0.2864754334427733
2026-03-28 00:00:00+00:00,1992.76,2047.45,1983.17,1994.74,154831.80550000002,-0.005063316522453953,0.05549094117529085,0.03548332113458397,0.14550768521210777,0.000998619997490957,-0.04323051317348314,44.14501789631682,2108.595238095238,2043.1396,3093.0861999999997,0.1867930895071043,29221548886.333332,-0.0010615,0.48136833333333334,0.5360988306523263,-0.3685256262572508,-1.5478625990830313,-1.597272357575103,-0.29274910518415886
2026-03-29 00:00:00+00:00,1994.74,2019.65,1938.82,1984.64,166726.7382,0.021081909061593018,0.07845755401483379,0.06325076588197365,0.10430607062237995,-0.005063316522453953,-0.03371650867378473,37.80570737727626,2110.8590476190475,2041.0908,3081.2627999999995,0.16399492760715845,28832880970.833332,0.00034416666666666667,0.4662115,0.3203631448431319,0.16442775997295625,-2.40147303772781,-1.419460206498785,-0.6097146311361868
2026-03-30 00:00:00+00:00,1984.65,2085.0,1980.28,2026.48,338304.43439999997,0.03895918045083091,0.015144486992223039,0.03981287750187512,0.16924914136828395,0.021081909061593018,-0.05834026477326071,25.31191869697382,2112.4542857142856,2039.8256,3069.1011,0.2727357831995515,29123643684.166668,0.0018055,0.5158758333333333,0.3989207497245358,0.723107012847784,1.090443159304545,-0.40186533695541415,-1.234404065151309
2026-03-31 00:00:00+00:00,2026.48,2124.03,2012.64,2105.43,421897.9023,0.01658568558441753,-0.024508057736424393,0.06392043430558147,0.10307158157716012,0.03895918045083091,-0.023559638814041217,34.95884189611125,2115.7361904761906,2039.8338,3056.06745,0.4654476410939886,28877050345.5,0.0010125,0.49870516666666664,0.2323800210116553,0.4249163475423145,-0.10982731877032113,0.10292007557884283,-0.7520579051944374
2026-04-01 00:00:00+00:00,2105.43,2167.85,2082.08,2140.35,399227.3779,-0.038862802812624,-0.03496157170556213,0.023197140654565906,0.10260004204919748,0.01658568558441753,-0.01321795096402989,44.960992454278035,2119.944761904762,2042.1873999999998,3043.43655,0.5465388227466585,30187928272.333332,-0.0016143333333333333,0.5140271666666667,0.8240433766797449,-0.7421618123369974,0.9202237839014593,0.0054614023154381216,-0.25195037728609826
2026-04-02 00:00:00+00:00,2140.35,2159.37,2017.04,2057.17,346872.8323,-0.0016235896887472068,0.025763548953173565,0.06466650787246553,0.14145646689383962,-0.038862802812624,-0.0015821940080467112,43.730563502923246,2119.1661904761904,2044.5071999999998,3030.69995,0.33845461182694375,28126878200.833332,-0.006557166666666667,0.4945811666666667,-0.28073698887277365,-2.561177323126786,-0.41781253074545205,-0.27512892130183975,-0.3134718248538377
2026-04-03 00:00:00+00:00,2057.18,2081.76,2040.66,2053.83,136266.6393,0.005691805066631694,0.02596612183092084,0.09310410306597938,0.17779952576406033,-0.0016235896887472068,0.030651110274745985,42.75997178904475,2117.3380952380953,2046.6268,3018.3504,0.3370058721390004,27718867320.5,-0.0013095,0.5149783333333333,-0.5100425932859869,-0.4356923481044116,0.9379896574942039,-1.4747444526031621,-0.3620014105477626
2026-04-04 00:00:00+00:00,2053.83,2084.0,2044.63,2065.52,86504.4406,0.021616832565165334,0.08447751655757396,0.10625411518649042,0.13788295441341658,0.005691805066631694,0.03548332113458397,48.355682455514206,2115.8790476190475,2046.9628,3006.1715500000005,0.3802918408295931,27274531040.333332,0.0018535000000000001,0.5109771666666667,-0.7348170427838616,0.812032290339168,0.6717640239834438,-1.6335345481834596,-0.08221587722428972
2026-04-05 00:00:00+00:00,2065.51,2123.49,2021.5,2110.17,157353.3199,-0.0014264253590944298,0.0378310752214277,0.03861300274385471,0.08361885535288627,0.021616832565165334,0.06325076588197365,54.673952762183184,2112.634761904762,2047.4344,2993.7697500000004,0.5295274677479547,27076150906.5,-0.0007371666666666667,0.5053505,-0.8702575975550263,-0.21690898123525196,0.2709977514537204,-1.136748113875331,0.2336976381091592
2026-04-06 00:00:00+00:00,2110.17,2174.79,2087.5,2107.16,356054.2894,0.06304694470282302,0.03940849294785398,0.12448034321076729,,-0.0014264253590944298,0.03981287750187512,45.57433965241746,2100.929523809524,2050.246,2981.36725,0.5678063305268918,29260267775.166668,0.0006963333333333332,0.5100786666666667,0.2585347346567611,0.3239280241727044,0.5580140290403376,-0.014884627529949403,-0.22128301737912714
2026-04-07 00:00:00+00:00,2107.16,2273.87,2060.24,2240.01,460094.8093,-0.022325793188423315,0.002249989955402043,0.03679894286186225,,0.06304694470282302,0.06392043430558147,56.59083042260614,2097.244761904762,2055.0796,2970.22435,1.0544835319438728,28555029131.333332,0.0005114999999999998,0.5066903333333334,-0.2211157808208502,0.17201757104518348,0.27355447783548203,0.5839081458431462,0.32954152113030694
2026-04-08 00:00:00+00:00,2240.01,2270.55,2179.78,2190.0,404717.6321,9.13242009130677e-05,0.043374429223744126,0.07760273972602727,,-0.022325793188423315,0.023197140654565906,51.559155766944116,2096.6071428571427,2059.0463999999997,2958.77225,0.8428227995729861,31088458150.666668,0.0037648333333333336,0.4866981666666667,1.2726859242363828,1.681059242476309,-1.0959924574544873,0.2928618823246065,0.07795778834720579
2026-04-09 00:00:00+00:00,2190.0,2246.0,2157.31,2190.2,275317.9503,0.025043375034243587,0.0006620399963475077,0.07212583325723698,,9.13242009130677e-05,0.06466650787246553,61.496075547917286,2099.1019047619047,2063.7322,2947.4984000000004,0.8245800679638047,30382439064.5,0.0010241666666666665,0.511489,0.7688632789997305,0.4027248886906867,0.6263117846492596,-0.44901066302042103,0.5748037773958643
2026-04-10 00:00:00+00:00,2190.17,2257.99,2176.1,2245.05,272899.0858,0.01779024966036369,0.05541524687646149,0.07748157056635696,,0.025043375034243587,0.09310410306597938,72.87066246056781,2103.808095238095,2069.6516,2937.72825,0.9431606147989633,31299852736.0,-0.001186,0.5099911666666667,1.2770930443610837,-0.6051249994085548,0.5111916546093236,-0.4464901021210269,1.1435331230283907
2026-04-11 00:00:00+00:00,2245.06,2329.93,2229.0,2284.99,214785.4039,-0.04084919408837662,0.016389568444501013,0.02859093475244978,,0.01779024966036369,0.10625411518649042,74.617067833698,2113.3376190476192,2075.9738,2928.3319,0.9806696690115119,32202220601.833332,-0.0012661666666666665,0.5205303333333333,1.7075128577158103,-0.640212190016765,1.1659364300056942,-0.7523796283732517,1.2308533916849
2026-04-12 00:00:00+00:00,2285.0,2288.57,2175.0,2191.65,258156.88210000002,0.08113065498596939,0.07679145849017854,0.04333264891748212,,-0.04084919408837662,0.03861300274385471,65.38490122924625,2119.897619047619,2080.3397999999997,2918.5261,0.7060214149443269,30509756045.0,-0.0017076666666666666,0.49527766666666667,0.607897699514461,-0.7924838615865832,-0.518064632496063,-0.4436339530199595,0.7692450614623126
2026-04-13 00:00:00+00:00,2191.64,2394.71,2175.68,2369.46,453870.8292,-0.019844183906881696,-0.008985169616705924,,,0.08113065498596939,0.12448034321076729,71.2045898558251,2130.2514285714287,2088.5726,2911.0015999999996,1.0720088424202134,30913675270.5,0.0017013333333333333,0.508996,0.8037481706935493,0.8058562570215786,0.37653458214832763,0.7187176531514328,1.0602294927912552
2026-04-14 00:00:00+00:00,2369.46,2415.5,2302.9,2322.44,460107.3841,0.016151116928747156,0.04157696216048645,,,-0.019844183906881696,0.03679894286186225,63.96802306870406,2138.1661904761904,2097.8954,2902.4526,0.9094316375745616,34138426491.166668,-0.0002569999999999999,0.5153013333333334,2.4506872780437226,-0.10077177009225116,0.9223947727021584,0.7154971363479898,0.6984011534352031
2026-04-15 00:00:00+00:00,2322.44,2385.61,2308.5,2359.95,268190.6377,-0.004991631178626554,-0.004080594927858505,,,0.016151116928747156,0.07760273972602727,64.08775981524249,2147.2580952380954,2108.0556,2894.16045,0.9259112890766791,33089213447.333332,-0.0014051666666666668,0.49124149999999994,1.8438460147938216,-0.6096335865689937,-0.8262894574185526,-0.44862538532833435,0.7043879907621247
2026-04-16 00:00:00+00:00,2359.94,2369.59,2285.1,2348.17,328960.9377,0.030163914878394538,-0.026211901182623176,,,-0.004991631178626554,0.07212583325723698,70.55084745762713,2160.96,2113.8694,2885.1904999999997,0.8610266003811811,33208014130.666668,-0.0032953333333333337,0.48160700000000006,1.9066334371949627,-1.4041880010850258,-1.4855773364785108,0.06451667198627363,1.0275423728813564
2026-04-17 00:00:00+00:00,2348.16,2464.91,2317.43,2419.0,491731.3615,-0.028391897478296735,,,,0.030163914878394538,0.07748157056635696,73.54446865852559,2181.2576190476193,2121.6958,2876.2101500000003,0.9441415754475819,33912658541.166668,-0.005449166666666667,0.5045855,2.0955225172782233,-2.141879465465341,0.26317679977236597,1.356403291767116,1.1772234329262794
2026-04-18 00:00:00+00:00,2419.0,2427.64,2339.92,2350.32,221741.38880000002,-0.02710269239933294,,,,-0.028391897478296735,0.02859093475244978,67.10551604843363,2198.19,2130.1054,2867.236,0.7859918981706195,32939308974.166668,-0.0068345,0.5057916666666666,1.46258612106102,-2.369249067534964,0.31335029199319864,-0.7342997320144654,0.8552758024216814
2026-04-19 00:00:00+00:00,2350.33,2355.3,2285.0,2286.62,195709.1979,,,,,-0.02710269239933294,0.04333264891748212,60.36076239239956,2212.57,2136.5476,2856.9289499999995,0.6383965861919139,31339132970.49065,-0.007135,0.48106716666666666,0.6104188528609227,-2.1842136484557426,-1.5101794828168418,-0.9044127923295666,0.5180381196199779
