timestamp,idx,entry_price,bb_pct_entry,rsi_entry,ret_1d_entry,stablecoin_z_entry,regime,mfe_pct_4h,mae_pct_4h,time_to_mfe_h_4h,time_to_mae_h_4h,mfe_pct_12h,mae_pct_12h,time_to_mfe_h_12h,time_to_mae_h_12h,mfe_pct_24h,mae_pct_24h,time_to_mfe_h_24h,time_to_mae_h_24h,mfe_pct_48h,mae_pct_48h,time_to_mfe_h_48h,time_to_mae_h_48h,mfe_pct_72h,mae_pct_72h,time_to_mfe_h_72h,time_to_mae_h_72h,mfe_pct_120h,mae_pct_120h,time_to_mfe_h_120h,time_to_mae_h_120h
2026-02-24 19:00:00+00:00,1126,64435.03,0.8231004719241789,76.40161318488632,0.0021763711387026152,1.4234371605213947,Unknown,0.002435942064432951,-0.009537203598725705,1,2,0.029098612974961,-0.009537203598725705,7,2,0.0793818207270176,-0.009537203598725705,23,2,0.08619224667079387,-0.009537203598725705,26,2,0.08619224667079387,-0.009537203598725705,26,2,0.08619224667079387,-0.02180537511971359,26,83
2026-02-25 03:00:00+00:00,1134,65391.73,0.8735586766596285,77.20508436452926,0.028244446817078828,1.8845245359987408,Unknown,0.003949582003718158,-0.00973318797346394,1,2,0.03343343263742979,-0.00973318797346394,12,2,0.07030093866609735,-0.00973318797346394,18,2,0.07030093866609735,-0.00973318797346394,18,2,0.07030093866609735,-0.00973318797346394,18,2,0.07030093866609735,-0.03611664655454142,18,75
2026-02-25 05:00:00+00:00,1136,64882.76,0.6702191041147798,60.95706586607711,0.028174881811666053,1.8845245359987408,Unknown,0.012481898119007163,-0.001565593078962759,4,2,0.06160650379237881,-0.001565593078962759,12,2,0.0786968680123965,-0.001565593078962759,16,2,0.0786968680123965,-0.001565593078962759,16,2,0.0786968680123965,-0.001565593078962759,16,2,0.0786968680123965,-0.028555505345333677,16,73
2026-02-25 06:00:00+00:00,1137,64898.22,0.6557126141798667,58.17239134476176,0.02877853056277324,1.8845245359987408,Unknown,0.012240705523202241,-0.0018034392930961877,3,1,0.0716780830044337,-0.0018034392930961877,12,1,0.07843990174152697,-0.0018034392930961877,15,1,0.07843990174152697,-0.0018034392930961877,15,1,0.07843990174152697,-0.02878692204501142,15,72,0.07843990174152697,-0.02878692204501142,15,72
2026-02-25 07:00:00+00:00,1138,65028.3,0.6735491204632899,60.221782298353354,0.02904342509038993,1.8845245359987408,Unknown,0.010215859864089825,-0.001115052984623649,2,1,0.069534341202215,-0.001115052984623649,11,1,0.0762826338686387,-0.001115052984623649,14,1,0.0762826338686387,-0.001115052984623649,14,1,0.0762826338686387,-0.030729697685469293,14,71,0.0762826338686387,-0.030729697685469293,14,71
2026-02-25 08:00:00+00:00,1139,65530.49,0.801928372818202,62.91150311048905,0.03373193684076026,1.8845245359987408,Unknown,0.0108271737324107,-0.0050310931598404815,4,3,0.061338012274896804,-0.0050310931598404815,10,3,0.06803458970015337,-0.0050310931598404815,13,3,0.06803458970015337,-0.0050310931598404815,13,3,0.06803458970015337,-0.03815765760335377,13,70,0.06803458970015337,-0.03815765760335377,13,70
2026-02-25 09:00:00+00:00,1140,65558.71,0.7980787790710858,63.15704430173156,0.03650150774727412,1.8845245359987408,Unknown,0.01716614009030988,-0.005459381369767701,4,2,0.06757485008475601,-0.005459381369767701,12,2,0.06757485008475601,-0.005459381369767701,12,2,0.06757485008475601,-0.005459381369767701,12,2,0.06757485008475601,-0.038571686355634606,12,69,0.06757485008475601,-0.038571686355634606,12,69
2026-02-25 10:00:00+00:00,1141,65400.87,0.7239667539227724,60.568580689375146,0.03344215408196316,1.8845245359987408,Unknown,0.024600743078799964,-0.0030591336170298607,4,1,0.07015136037181155,-0.0030591336170298607,11,1,0.07015136037181155,-0.0030591336170298607,11,1,0.07015136037181155,-0.0030591336170298607,11,1,0.07015136037181155,-0.036251352619621154,11,68,0.07015136037181155,-0.036251352619621154,11,68
2026-02-26 05:00:00+00:00,1160,68443.81,0.6182928842105528,61.6051538457881,0.054884379147865925,1.5977986317453161,Unknown,0.002933501218006403,-0.009523286327865116,4,3,0.00407385269756318,-0.028400084682603112,5,11,0.00407385269756318,-0.028400084682603112,5,11,0.00407385269756318,-0.051565656558277495,5,41,0.00407385269756318,-0.07909860657961615,5,49,0.024139363369748153,-0.07909860657961615,107,49
2026-02-28 18:00:00+00:00,1221,65911.84,0.7693804953630765,51.652642073769044,0.009141578411985263,1.3526423020608735,Unknown,0.028039878722851668,-0.004690962959007097,4,1,0.034715310633112485,-0.004690962959007097,8,1,0.034715310633112485,-0.004690962959007097,8,1,0.06348115907551669,-0.012984617027835918,46,28,0.06348115907551669,-0.012984617027835918,46,28,0.12347038104231355,-0.012984617027835918,97,28
2026-02-28 19:00:00+00:00,1222,66362.01,0.8674808002266158,54.87931143597532,0.014830978260703231,1.3526423020608735,Unknown,0.02106611900393019,-0.00258280302239179,3,1,0.027696267789357354,-0.004811337088795135,7,6,0.027696267789357354,-0.009976039001832507,7,22,0.05626698166616722,-0.01968008503660445,45,27,0.05626698166616722,-0.01968008503660445,45,27,0.11584926375798452,-0.01968008503660445,96,27
2026-02-28 20:00:00+00:00,1223,66959.62,0.9676380242538312,80.56961436135786,0.02080885535364385,1.3526423020608735,Unknown,0.011953174166759081,-0.008829201838361644,2,1,0.01852414933059671,-0.01369332741135619,6,5,0.01852414933059671,-0.028010911650932287,6,24,0.0468398715524372,-0.02842937280707381,44,26,0.0468398715524372,-0.02842937280707381,44,26,0.10589038587733929,-0.02842937280707381,95,26
2026-02-28 21:00:00+00:00,1224,66723.22,0.8810506885999505,75.19540829635531,0.018246207437203177,1.3526423020608735,Unknown,0.015538518674608311,-0.010198848316972712,1,4,0.022132774767165075,-0.010198848316972712,5,4,0.022132774767165075,-0.02456715967844484,5,23,0.05054881943647202,-0.024987103440151735,43,25,0.05054881943647202,-0.024987103440151735,43,25,0.10980854940753756,-0.024987103440151735,94,25
2026-02-28 22:00:00+00:00,1225,67103.64,0.9234815856903804,81.41971889494671,0.022329294361390417,1.3526423020608735,Unknown,0.016338159897138306,-0.015810170655421944,4,3,0.016338159897138306,-0.015810170655421944,4,3,0.016338159897138306,-0.030514589074452585,4,24,0.04459311000118624,-0.030514589074452585,42,24,0.04459311000118624,-0.030514589074452585,42,24,0.1035168882045743,-0.030514589074452585,93,24
2026-02-28 23:00:00+00:00,1226,66973.26,0.8648445008939355,78.96307791243572,0.016716637240956178,1.3526423020608735,Unknown,0.01831671326735492,-0.013894201954630753,3,2,0.01831671326735492,-0.013894201954630753,3,2,0.01831671326735492,-0.028627246157645527,3,23,0.04662666861371248,-0.028627246157645527,41,23,0.04662666861371248,-0.028627246157645527,41,23,0.10566515651171834,-0.028627246157645527,92,23
2026-03-01 00:00:00+00:00,1227,66791.29,0.8061829601884106,75.04214363413104,0.012879348518394895,1.3151776922285734,Unknown,0.021091073401936267,-0.011207599074669655,2,1,0.021091073401936267,-0.011207599074669655,2,1,0.021091073401936267,-0.025980782823628555,2,22,0.04947815800533283,-0.025980782823628555,40,22,0.04947815800533283,-0.025980782823628555,40,22,0.10867749372710135,-0.025980782823628555,91,22
2026-03-01 01:00:00+00:00,1228,67339.36,0.8695997022685519,79.44869841867117,0.023855730757745608,1.3151776922285734,Unknown,0.012780489746264364,-0.003861040556370004,1,3,0.012780489746264364,-0.017925474789187133,1,12,0.012780489746264364,-0.03390825217228083,1,21,0.0409365339973531,-0.03390825217228083,39,21,0.0409365339973531,-0.03390825217228083,39,21,0.09965405076614924,-0.03390825217228083,90,21
2026-03-01 02:00:00+00:00,1229,67620.65,0.8781571668281924,79.81703300884186,0.02515905958554665,1.3151776922285734,Unknown,0.0028494254343903467,-0.012885117194229698,1,4,0.0028494254343903467,-0.022010731928781967,1,11,0.0028494254343903467,-0.03792702377158449,1,20,0.036606421263327193,-0.03792702377158449,38,20,0.036606421263327193,-0.03792702377158449,38,20,0.09507968349904958,-0.03792702377158449,89,20
2026-03-01 03:00:00+00:00,1230,67502.16,0.8218904957155843,73.61776547457882,0.025908918617173926,1.3151776922285734,Unknown,0.0016292811963349902,-0.011152383864457042,1,3,0.0016292811963349902,-0.0202940172581144,1,10,0.0016292811963349902,-0.03623824778347839,1,19,0.03842602962631116,-0.03623824778347839,37,19,0.03842602962631116,-0.03623824778347839,37,19,0.09700193297518177,-0.03623824778347839,88,19
2026-03-01 04:00:00+00:00,1231,67346.5,0.7703630192655057,81.94083863503676,0.025635363491270713,1.3151776922285734,Unknown,0.003387703889585861,-0.014212616839776355,1,4,0.003387703889585861,-0.02399857453616745,1,12,0.003387703889585861,-0.03401067613016267,1,18,0.04082617507962552,-0.03401067613016267,36,18,0.04082617507962552,-0.03401067613016267,36,18,0.09953746668349506,-0.03401067613016267,87,18
2026-03-01 05:00:00+00:00,1232,67292.09,0.7391523378594037,79.13913347423257,0.0259343388874973,1.3151776922285734,Unknown,0.0007981621614071788,-0.015531394551722193,1,4,0.0010176530406472808,-0.023659690165664354,8,12,0.0010176530406472808,-0.03322961138523111,8,17,0.041667750251181135,-0.03322961138523111,35,17,0.041667750251181135,-0.03322961138523111,35,17,0.1004265137254617,-0.03322961138523111,86,17
2026-03-01 08:00:00+00:00,1235,66560.14,0.5220552531623148,57.54496955475475,0.04863243241880677,1.3151776922285734,Unknown,0.0031694644873043595,-0.005174718682983435,1,2,0.01202566581140015,-0.022177237007013545,5,12,0.01202566581140015,-0.02259820967924646,5,14,0.0531227848979885,-0.02259820967924646,32,14,0.06915340021820869,-0.02259820967924646,72,14,0.1125277080246526,-0.02259820967924646,83,14
2026-03-02 14:00:00+00:00,1265,67177.06,0.9772521240402989,56.80803976343496,0.004925517369307464,1.8808897958865354,Unknown,0.04345144011958848,-0.003003555082642856,2,1,0.04345144011958848,-0.003003555082642856,2,1,0.04345144011958848,-0.015169761820478564,2,24,0.08121730840855498,-0.015169761820478564,48,24,0.10231081860385081,-0.015169761820478564,53,24,0.10231081860385081,-0.015169761820478564,53,24
2026-03-02 18:00:00+00:00,1269,68877.67,0.9034559902591868,64.62079721445143,0.03861523537840994,1.8808897958865354,Unknown,0.0096126945060715,-0.004377180586974055,3,1,0.0096126945060715,-0.01564614482458536,3,12,0.0096126945060715,-0.03948551105169496,3,20,0.07088393088790615,-0.03948551105169496,47,20,0.07509443917019844,-0.03948551105169496,49,20,0.07509443917019844,-0.03948551105169496,49,20
2026-03-03 03:00:00+00:00,1278,68377.94,0.5595270700226935,71.95575264886236,0.023315014973803505,2.188293931431487,Unknown,0.0035022991333169134,-0.008452141143766577,2,3,0.0035022991333169134,-0.032465733831700726,2,11,0.009082753882319322,-0.032465733831700726,13,11,0.0829516069071399,-0.032465733831700726,40,11,0.0829516069071399,-0.032465733831700726,40,11,0.0829516069071399,-0.032465733831700726,40,11
2026-03-03 04:00:00+00:00,1279,68123.2,0.49796608478343535,59.08307188963628,0.018860903602817336,2.188293931431487,Unknown,0.0072547971909716685,-0.01788230734903817,1,4,0.012856119501139155,-0.02884773469243954,12,10,0.012856119501139155,-0.02884773469243954,12,10,0.08700119782981426,-0.02884773469243954,39,10,0.08700119782981426,-0.02884773469243954,39,10,0.08700119782981426,-0.02884773469243954,39,10
2026-03-04 05:00:00+00:00,1304,68206.59,0.6348391638905982,56.822012974827956,0.003809397662174252,2.5463851485084197,Unknown,0.05404771005265039,-0.002315905251970401,4,1,0.0814202850487029,-0.002315905251970401,12,1,0.08567222023561072,-0.002315905251970401,14,1,0.08567222023561072,-0.002315905251970401,14,1,0.08567222023561072,-0.00677075338321411,14,60,0.08567222023561072,-0.03794501381757967,14,113
2026-03-04 06:00:00+00:00,1305,68508.02,0.7384743495469149,54.92017966979255,0.005892075570211652,2.5463851485084197,Unknown,0.04940998148829868,-0.0023140356413745254,3,1,0.07666211926720405,-0.0023140356413745254,11,1,0.08089534626748804,-0.0023140356413745254,13,1,0.08089534626748804,-0.0023140356413745254,13,1,0.08089534626748804,-0.013075987307763349,13,72,0.08089534626748804,-0.042177981497640696,13,112
2026-03-04 23:00:00+00:00,1322,72666.77,0.6416178967985502,61.566068317911494,0.06334352775907992,2.5463851485084197,Unknown,0.008808014997776878,-0.004541415560372496,2,3,0.012266679804262527,-0.012517413392669109,11,9,0.012266679804262527,-0.027816015490987184,11,18,0.012266679804262527,-0.06773371102086971,11,42,0.012266679804262527,-0.07914910763200303,11,68,0.012266679804262527,-0.09699454097106557,11,95
2026-03-05 00:00:00+00:00,1323,72760.0,0.6369443105738918,64.47089371929276,0.06853563476758828,2.5896148668183625,Unknown,0.007515393073117193,-0.005816932380428879,1,2,0.010969626168224219,-0.013782710280373856,10,8,0.010969626168224219,-0.029061709730621204,10,17,0.010969626168224219,-0.06892825728422211,10,41,0.010969626168224219,-0.08032902693787802,10,67,0.010969626168224219,-0.09815159428257277,10,94
2026-03-05 01:00:00+00:00,1324,72538.72,0.5820211868055906,64.68635658338569,0.06043008552006435,2.5896148668183625,Unknown,0.007476834440971671,-0.003832160258686615,3,4,0.014053597857806051,-0.010774245809686233,9,7,0.014053597857806051,-0.03025542772191186,9,24,0.014053597857806051,-0.06608801478713716,9,40,0.014053597857806051,-0.07752356258836669,9,66,0.014053597857806051,-0.09540049783067575,9,93
2026-03-05 02:00:00+00:00,1325,72506.19,0.5504791291238328,62.50632563962126,0.06122154760313947,2.5896148668183625,Unknown,0.00792884028246415,-0.006463310235995087,2,4,0.014508554373081689,-0.010330428339980408,8,6,0.014508554373081689,-0.029820350510763337,8,23,0.014508554373081689,-0.06566901391453617,8,39,0.014508554373081689,-0.07823621679748999,8,72,0.014508554373081689,-0.09499464804315323,8,92
2026-03-05 03:00:00+00:00,1326,72497.89,0.5182831013903609,61.255292872246386,0.07036077375310423,2.5896148668183625,Unknown,0.008044234114951516,-0.010178778996188749,1,4,0.014624701491312295,-0.01833487843577248,7,12,0.014624701491312295,-0.02970927843555172,7,22,0.014624701491312295,-0.06556204601264948,7,38,0.014624701491312295,-0.07813068766553065,7,71,0.014624701491312295,-0.09489103751847115,7,91
2026-03-05 04:00:00+00:00,1327,72815.7,0.5880586181465749,62.68663690385827,0.07419968725105486,2.5896148668183625,Unknown,0.0013337782923189627,-0.014537112188717527,1,4,0.010196290085791898,-0.027873659114723878,6,12,0.010196290085791898,-0.034957982962465384,6,24,0.010196290085791898,-0.06964047588638163,6,37,0.010196290085791898,-0.08608789038627664,6,72,0.010196290085791898,-0.09884145864147419,6,90
2026-03-05 10:00:00+00:00,1333,73388.92,0.7802378269549747,54.63554874831742,0.02859188338099572,2.5896148668183625,Unknown,0.0008317331826113282,-0.019686077952911763,1,4,0.0008317331826113282,-0.037382345999913844,1,7,0.0008317331826113282,-0.04422643091082409,1,19,0.0008317331826113282,-0.08097284985253898,1,45,0.0008317331826113282,-0.09322619817814466,1,66,0.0008317331826113282,-0.10588015193574171,1,84
2026-03-05 12:00:00+00:00,1335,72890.73,0.5381673064743464,52.57695170600593,0.021741327515909292,2.5896148668183625,Unknown,0.0006114632134978891,-0.02887431639112406,1,4,0.0006114632134978891,-0.03080309389136307,1,5,0.0006114632134978891,-0.04432292007502183,1,24,0.0006114632134978891,-0.07469152798991027,1,43,0.0006114632134978891,-0.08702862490195944,1,64,0.0006114632134978891,-0.09976906528443316,1,82
2026-03-08 10:00:00+00:00,1405,67904.14,0.899313348814977,60.04103287435131,0.000351059092098982,1.8333298887612595,Unknown,1.472664257990943e-07,-0.016824600090657307,1,3,1.472664257990943e-07,-0.03365995063040331,1,12,0.008187276946589665,-0.03365995063040331,23,12,0.05000961649760973,-0.03365995063040331,47,12,0.0570342250119065,-0.03365995063040331,53,12,0.06880051790656647,-0.03365995063040331,120,12
2026-03-08 19:00:00+00:00,1414,67337.42,0.5923418726623284,53.14235721202769,0.0038324194540457768,1.8333298887612595,Unknown,0.0040343096008133884,-0.025527114047434445,1,3,0.010868696781076485,-0.025527114047434445,10,3,0.03236283778024159,-0.025527114047434445,24,3,0.065930354920043,-0.025527114047434445,44,3,0.065930354920043,-0.025527114047434445,44,3,0.09766219139373036,-0.025527114047434445,115,3
2026-03-09 05:00:00+00:00,1424,67911.16,0.9165890628402423,56.74404118853511,0.011336273917188056,2.236612456562961,Unknown,0.008083060280519328,-0.015574465227806556,4,2,0.02310135771499112,-0.015574465227806556,9,2,0.03927381007775438,-0.015574465227806556,21,2,0.05692495901999018,-0.015574465227806556,34,2,0.05692495901999018,-0.015574465227806556,34,2,0.08838871254739282,-0.015574465227806556,105,2
2026-03-09 06:00:00+00:00,1425,67267.18,0.6398144630521762,53.63396347912695,0.001573222285618181,2.236612456562961,Unknown,0.017733908274436414,-0.006150101728658718,3,1,0.032895982855235005,-0.006150101728658718,8,1,0.04922326162624925,-0.006150101728658718,20,1,0.06704339322683078,-0.006150101728658718,33,1,0.06704339322683078,-0.006150101728658718,33,1,0.09880836390049372,-0.006150101728658718,104,1
2026-03-09 07:00:00+00:00,1426,67555.13,0.7825976451271278,54.431274693269664,0.003494062900559536,2.236612456562961,Unknown,0.013395873858876325,-0.0031186380664208263,2,4,0.029035840801431206,-0.0031186380664208263,12,4,0.0447510055861041,-0.0031186380664208263,19,4,0.06249517986272834,-0.0031186380664208263,32,4,0.06249517986272834,-0.0031186380664208263,32,4,0.09412475410823723,-0.0031186380664208263,103,4
2026-03-09 08:00:00+00:00,1427,67814.69,0.878873055033286,59.140047495784344,0.004077031856845492,2.236612456562961,Unknown,0.009517112000364437,-0.006934190807331055,1,3,0.02509721713687686,-0.006934190807331055,11,3,0.04841060248155668,-0.006934190807331055,24,3,0.05842849093610835,-0.006934190807331055,31,3,0.05842849093610835,-0.006934190807331055,31,3,0.08993700332479589,-0.006934190807331055,102,3
2026-03-09 09:00:00+00:00,1428,67981.02,0.9082409091536843,56.23423521159617,0.004432854124495789,2.236612456562961,Unknown,0.019402180196766625,-0.00936393716952183,4,2,0.02258909913384633,-0.00936393716952183,10,2,0.04882215653722165,-0.00936393716952183,24,2,0.055838820894420174,-0.00936393716952183,30,2,0.055838820894420174,-0.00936393716952183,30,2,0.08727024101727218,-0.00936393716952183,101,2
2026-03-09 11:00:00+00:00,1430,67764.98,0.7802556793357508,56.931049561311134,0.0037025846108271754,2.236612456562961,Unknown,0.025308352485310322,-7.983474650164348e-05,3,1,0.025849192311426912,-7.983474650164348e-05,8,1,0.05216588273175915,-7.983474650164348e-05,22,1,0.05920491675788887,-7.983474650164348e-05,28,1,0.05920491675788887,-7.983474650164348e-05,28,1,0.09073654268030493,-7.983474650164348e-05,99,1
2026-03-09 12:00:00+00:00,1431,68151.93,0.8880015337731011,69.23636319804214,0.012286868775688742,2.236612456562961,Unknown,0.0194869022784829,-0.0002641157777923531,2,1,0.020024671348265577,-0.0002641157777923531,7,1,0.04619194203304305,-0.0002641157777923531,21,1,0.053191010144540404,-0.0002641157777923531,27,1,0.053191010144540404,-0.0002641157777923531,27,1,0.08454360720232007,-0.0002641157777923531,98,1
2026-03-09 15:00:00+00:00,1434,68863.66,0.8841967838915251,74.57807326109344,0.024478924839288485,2.236612456562961,Unknown,0.00948235978163215,-0.009940511439560549,4,3,0.024898908945588865,-0.009940511439560549,11,3,0.04230591287189784,-0.009940511439560549,24,3,0.04230591287189784,-0.009940511439560549,24,3,0.04230591287189784,-0.009940511439560549,24,3,0.07333446987859782,-0.009940511439560549,95,3
2026-03-09 17:00:00+00:00,1436,68600.71,0.7471502513412523,64.31822098928747,0.022898829493774864,2.236612456562961,Unknown,0.01335175685499447,-0.0061455632164741595,2,1,0.028827398433631184,-0.0061455632164741595,9,1,0.046301124288655224,-0.0061455632164741595,22,1,0.046301124288655224,-0.0061455632164741595,22,1,0.046301124288655224,-0.0061455632164741595,22,1,0.0774486153277422,-0.0061455632164741595,93,1
2026-03-09 18:00:00+00:00,1437,68356.37,0.6665347832924403,62.157381795090906,0.023237680378420444,2.236612456562961,Unknown,0.016973985014125222,0.0,1,1,0.03250494430877471,0.0,8,1,0.050041130036600906,0.0,21,1,0.050041130036600906,0.0,21,1,0.050041130036600906,0.0,21,1,0.08129995785323314,0.0,92,1
2026-03-09 19:00:00+00:00,1438,68991.93,0.8103663226967411,61.0334667975952,0.024570439437685554,2.236612456562961,Unknown,0.002222723730152292,-0.008801609115732677,1,4,0.022993413867390008,-0.008801609115732677,7,4,0.04036805464059358,-0.008801609115732677,20,4,0.04036805464059358,-0.008801609115732677,20,4,0.04036805464059358,-0.008801609115732677,20,4,0.0713389232624745,-0.008801609115732677,91,4
2026-03-09 20:00:00+00:00,1439,68961.71,0.7789725386811787,69.77775080356201,0.025623747003218345,2.236612456562961,Unknown,0.004766558137841881,-0.008367251914141978,4,3,0.03097269484761896,-0.008367251914141978,12,3,0.0408239586866392,-0.008367251914141978,19,3,0.0408239586866392,-0.008367251914141978,19,3,0.0408239586866392,-0.008367251914141978,19,3,0.07180839918267685,-0.008367251914141978,90,3
2026-03-09 21:00:00+00:00,1440,68919.72,0.7535820912316491,66.89698041340245,0.028345415048431244,2.236612456562961,Unknown,0.006809952216869084,-0.007763090157650072,4,2,0.0345369946366584,-0.007763090157650072,12,2,0.04145809065968345,-0.007763090157650072,18,2,0.04145809065968345,-0.007763090157650072,18,2,0.04145809065968345,-0.007763090157650072,18,2,0.0724614087230767,-0.007763090157650072,89,2
2026-03-09 22:00:00+00:00,1441,68635.88,0.6450015872721567,60.10757585080097,0.03621974491521329,2.236612456562961,Unknown,0.028300212658451947,-0.0036597476421953404,4,1,0.038815266883734795,-0.0036597476421953404,11,1,0.04576498472810424,-0.0036597476421953404,17,1,0.04576498472810424,-0.0036597476421953404,17,1,0.04576498472810424,-0.0036597476421953404,17,1,0.07689651535028036,-0.0036597476421953404,88,1
2026-03-09 23:00:00+00:00,1442,68432.16,0.5511460636971041,55.5021904362145,0.03730355064027946,2.236612456562961,Unknown,0.03136142421925583,-0.0005954802537286562,3,1,0.041907781370630365,-0.0005954802537286562,10,1,0.048878188267036965,-0.0005954802537286562,16,1,0.048878188267036965,-0.0005954802537286562,16,1,0.048878188267036965,-0.0005954802537286562,16,1,0.0801023963002191,-0.0005954802537286562,87,1
2026-03-10 03:00:00+00:00,1446,69429.85,0.7761252309902423,54.501685218269834,0.03310465508172378,2.230902250481296,Unknown,0.016086596759174898,0.0,4,1,0.0338060646825536,-0.002359071782525933,12,11,0.0338060646825536,-0.002359071782525933,12,11,0.0338060646825536,-0.006509303995327691,12,33,0.037017939690205205,-0.006509303995327691,69,33,0.06458158846663213,-0.006509303995327691,83,33
2026-03-10 04:00:00+00:00,1447,70072.94,0.95882200900606,58.363831764827836,0.043837239129845385,2.230902250481296,Unknown,0.014623333914632339,-0.004599778459416816,4,2,0.02431837453944415,-0.01151485866013335,11,10,0.02431837453944415,-0.01151485866013335,11,10,0.02431837453944415,-0.015627002377808022,11,32,0.02750077276620615,-0.015627002377808022,68,32,0.05481145788945066,-0.015627002377808022,82,32
2026-03-10 05:00:00+00:00,1448,69971.34,0.876353877342365,60.4061447811289,0.030336398318037805,2.230902250481296,Unknown,0.01898863163117933,-0.0031544343727017542,4,1,0.025805708451488902,-0.010079555429408653,10,9,0.025805708451488902,-0.010079555429408653,10,9,0.025805708451488902,-0.014197670074633316,10,31,0.02899272759389778,-0.014197670074633316,67,31,0.05634306846203044,-0.014197670074633316,81,31
2026-03-10 06:00:00+00:00,1449,69910.91,0.832488659732024,58.993116050992704,0.03930193000509319,2.230902250481296,Unknown,0.019869430965781972,-0.0015049153272358548,3,1,0.026692400370700316,-0.00922388222381894,9,8,0.026692400370700316,-0.00922388222381894,9,8,0.026692400370700316,-0.013345556508991229,9,30,0.02988217432729736,-0.013345556508991229,66,30,0.05725615644253524,-0.013345556508991229,80,30
2026-03-10 11:00:00+00:00,1454,70580.94,0.7918454691353313,64.72535226247722,0.04155479718285182,2.230902250481296,Unknown,0.0169459346956841,-0.018629392014331413,4,3,0.0169459346956841,-0.018629392014331413,4,3,0.0169459346956841,-0.020269778214911893,4,24,0.0169459346956841,-0.022711938945556672,4,25,0.028265987956521882,-0.022711938945556672,71,25,0.047219546806829195,-0.022711938945556672,75,25
2026-03-10 13:00:00+00:00,1456,69921.12,0.5604108125722939,62.80728856652779,0.013702157272094562,2.230902250481296,Unknown,0.026542481012890022,-0.009368557025402307,2,1,0.026542481012890022,-0.009368557025402307,2,1,0.026542481012890022,-0.013489629456736275,2,23,0.026542481012890022,-0.013489629456736275,2,23,0.05240405188017596,-0.013489629456736275,72,23,0.057101774113458285,-0.013489629456736275,73,23
2026-03-10 16:00:00+00:00,1459,71268.59,0.821069112911157,58.71288686831929,0.03347543478752657,2.230902250481296,Unknown,0.0025735039798037746,-0.021462330039081684,1,3,0.0025735039798037746,-0.025483456316450184,1,6,0.0025735039798037746,-0.03214150862252211,1,20,0.0025735039798037746,-0.03214150862252211,1,20,0.037115228461795144,-0.03214150862252211,70,20,0.037115228461795144,-0.03214150862252211,70,20
2026-03-10 17:00:00+00:00,1460,70868.61,0.6899337522629025,63.63283189495014,0.03305942460362288,2.230902250481296,Unknown,0.0006531805830535352,-0.01872055907403852,1,4,0.0006531805830535352,-0.02044078471413508,1,12,0.006383503218138459,-0.02667894854999974,24,19,0.006383503218138459,-0.02667894854999974,24,19,0.04296867117896068,-0.02667894854999974,69,19,0.04296867117896068,-0.02667894854999974,69,19
2026-03-11 13:00:00+00:00,1480,70186.09,0.8307285621965601,52.71343163512672,0.003789556002535388,2.0689562982564893,Unknown,0.01617001317497532,-0.006893673660977503,4,2,0.01617001317497532,-0.006893673660977503,4,2,0.01617001317497532,-0.013965445289800203,4,16,0.04843096402720265,-0.013965445289800203,48,16,0.05311095118705158,-0.013965445289800203,49,16,0.06159952776967641,-0.013965445289800203,120,16
2026-03-11 18:00:00+00:00,1485,70617.64,0.8681810436610825,55.26175231000762,0.008623577014097439,2.0689562982564893,Unknown,0.004706472773658261,-0.00532600636328261,4,4,0.004706472773658261,-0.019991180673837244,4,11,0.004706472773658261,-0.019991180673837244,4,11,0.04667530662310445,-0.019991180673837244,44,11,0.04667530662310445,-0.019991180673837244,44,11,0.055112008840850595,-0.019991180673837244,115,11
2026-03-11 19:00:00+00:00,1486,70641.82,0.8430225800307167,64.0450749262432,0.008540248413738682,2.0689562982564893,Unknown,0.004362571632497478,-0.007304313507211524,3,4,0.004362571632497478,-0.02032662805120258,3,10,0.004362571632497478,-0.02032662805120258,3,10,0.04631703996301338,-0.02032662805120258,43,10,0.04631703996301338,-0.02032662805120258,43,10,0.05475085438059207,-0.02032662805120258,114,10
2026-03-11 20:00:00+00:00,1487,70634.96,0.8102038910462722,59.52597512771778,0.005686005387581128,2.0689562982564893,Unknown,0.0044601143682957214,-0.0072079038481794935,2,3,0.0044601143682957214,-0.02023148310694878,2,9,0.0044601143682957214,-0.02023148310694878,2,9,0.04641865727679323,-0.02023148310694878,42,9,0.04641865727679323,-0.02023148310694878,42,9,0.05485329077839072,-0.02023148310694878,113,9
2026-03-11 21:00:00+00:00,1488,70741.26,0.8293637656259126,66.07427016689684,0.014022474087628911,2.0689562982564893,Unknown,0.002950753209654525,-0.013942641112131626,1,4,0.002950753209654525,-0.021703741211281668,1,8,0.002950753209654525,-0.021703741211281668,1,8,0.04484624673069169,-0.021703741211281668,41,8,0.04484624673069169,-0.021703741211281668,41,8,0.05736030147045735,-0.021703741211281668,120,8
2026-03-11 22:00:00+00:00,1489,70373.01,0.6419409165691446,59.46670928728076,0.009343305186141793,2.0689562982564893,Unknown,0.001875577014540166,-0.01629161520872833,1,4,0.001960836974288939,-0.01658448317046537,12,7,0.006067525035521506,-0.01658448317046537,13,7,0.05031374954687899,-0.01658448317046537,40,7,0.05031374954687899,-0.01658448317046537,40,7,0.06432835543058356,-0.01658448317046537,120,7
2026-03-11 23:00:00+00:00,1490,70191.86,0.5429147555312813,59.69473568803909,0.0034772661022810514,2.0689562982564893,Unknown,0.0023081023924995687,-0.013752876758074177,1,3,0.0086639675882645,-0.014046500548639073,12,6,0.0086639675882645,-0.014046500548639073,12,6,0.05302438202948326,-0.014046500548639073,39,6,0.05302438202948326,-0.014046500548639073,39,6,0.06720465877382364,-0.014046500548639073,120,6
2026-03-12 00:00:00+00:00,1491,70225.34,0.5567105857920432,58.534156432919126,0.0025764913262027456,1.892821769612635,Unknown,2.2783798554849588e-05,-0.014223071045294938,1,2,0.008183086048426444,-0.014516554850428536,11,5,0.02527093496450147,-0.014516554850428536,24,5,0.05252235161837606,-0.014516554850428536,38,5,0.05252235161837606,-0.014516554850428536,38,5,0.0753985669560304,-0.014516554850428536,120,5
2026-03-12 12:00:00+00:00,1503,70381.8,0.640634277482018,50.176499644563116,0.014715302360269966,1.892821769612635,Unknown,0.003962530085902881,-0.01458416806617629,2,2,0.022991739341704773,-0.01458416806617629,12,2,0.03556146617449383,-0.01458416806617629,24,2,0.05018257560903532,-0.01458416806617629,26,2,0.05018257560903532,-0.01458416806617629,26,2,0.07982461374957726,-0.01458416806617629,109,2
2026-03-12 15:00:00+00:00,1506,70334.88,0.6909541915030196,57.19924269163025,0.0015231835889748524,1.892821769612635,Unknown,0.0033307798349835743,-0.00801920753970148,1,4,0.023674171335758235,-0.00801920753970148,9,4,0.05088314645592628,-0.00801920753970148,23,4,0.05088314645592628,-0.00801920753970148,23,4,0.05088314645592628,-0.00801920753970148,23,4,0.08054495863218925,-0.00801920753970148,106,4
2026-03-12 23:00:00+00:00,1514,70541.34,0.8331928807868977,57.16514277229193,0.0049789249066771735,1.892821769612635,Unknown,0.02067808748742232,-0.002201971212908654,1,1,0.02884322866563067,-0.002201971212908654,11,1,0.04780742753114711,-0.002201971212908654,15,1,0.04780742753114711,-0.003180262807596177,15,31,0.04780742753114711,-0.003180262807596177,15,31,0.077382425681168,-0.003180262807596177,98,31
2026-03-13 02:00:00+00:00,1517,71143.8,0.8694319786154425,57.26112610344716,0.026805198583967904,1.9177276988898857,Unknown,0.0069400285056461794,-0.002521231646327718,3,1,0.038934383600538656,-0.002521231646327718,12,1,0.038934383600538656,-0.009306503166825582,12,23,0.038934383600538656,-0.011621532726674747,12,28,0.038934383600538656,-0.011621532726674747,12,28,0.06825893472094542,-0.011621532726674747,95,28
2026-03-13 03:00:00+00:00,1518,71405.75,0.9283056392281298,64.05650054318147,0.028210736276399917,1.9177276988898857,Unknown,0.0037393347174421495,-0.0031588492523360887,4,3,0.03512308182464305,-0.0031588492523360887,11,3,0.03512308182464305,-0.012940834596653671,11,22,0.03512308182464305,-0.015247371535205499,11,27,0.04095734587200606,-0.015247371535205499,72,27,0.06434005664809907,-0.015247371535205499,94,27
2026-03-13 04:00:00+00:00,1519,71393.94,0.8742182719914482,69.07152840771285,0.02914634146341477,1.9177276988898857,Unknown,0.010489825887183191,-0.0029939515874876773,4,2,0.03529431209427583,-0.003353225777986321,10,12,0.03529431209427583,-0.012777555069800115,10,21,0.03529431209427583,-0.015084473556159,10,26,0.042820020858913184,-0.015084473556159,72,26,0.06451611999561864,-0.015084473556159,93,26
2026-03-13 05:00:00+00:00,1520,71546.29,0.8866696669283874,64.64212070884709,0.02973134635971464,1.9177276988898857,Unknown,0.008338098313693306,-0.005116966931478785,3,1,0.03308976608011417,-0.008836237350671811,9,12,0.03308976608011417,-0.014879737300145076,9,20,0.03308976608011417,-0.017181743455880014,9,25,0.04059944967097533,-0.017181743455880014,71,25,0.062249349337331214,-0.017181743455880014,92,25
2026-03-13 06:00:00+00:00,1521,71342.0,0.7763046868812367,61.186241774802255,0.026482328999226423,1.9177276988898857,Unknown,0.01729668358049951,-0.0014846794314709183,4,1,0.03604805023688718,-0.0070192873763001325,8,12,0.03604805023688718,-0.01436741330492557,8,24,0.03604805023688718,-0.01436741330492557,8,24,0.04357923803650022,-0.01436741330492557,70,24,0.06529113285301785,-0.01436741330492557,91,24
2026-03-13 07:00:00+00:00,1522,71612.22,0.8406897610254365,65.92589390924827,0.025578225018435097,1.9177276988898857,Unknown,0.0134580383068699,-0.0031690122160715354,3,1,0.03213864896242574,-0.010766179291746648,7,11,0.03213864896242574,-0.0180865779611357,7,23,0.03213864896242574,-0.0180865779611357,7,23,0.03964141874110309,-0.0180865779611357,69,23,0.06127138636394736,-0.0180865779611357,90,23
2026-03-13 08:00:00+00:00,1523,71821.02,0.8692034338394365,73.75671851553976,0.02722713969361279,1.9177276988898857,Unknown,0.014809870425120513,-0.0032192525252357374,4,1,0.02913798773673781,-0.013642106447388357,6,10,0.02913798773673781,-0.02094122305698254,6,22,0.02913798773673781,-0.02094122305698254,6,22,0.03661894526142896,-0.02094122305698254,68,22,0.058186029660954354,-0.02094122305698254,89,22
2026-03-13 09:00:00+00:00,1524,72006.57,0.8847974973018605,70.7953005328514,0.029363635414940914,1.9177276988898857,Unknown,0.021924388288457525,-0.0001533193429434029,4,1,0.026486055369669713,-0.016183801005936138,5,9,0.026486055369669713,-0.023464108900062963,5,21,0.026486055369669713,-0.023464108900062963,5,21,0.03394773560245949,-0.023464108900062963,67,21,0.05545924489945838,-0.023464108900062963,88,21
2026-03-13 10:00:00+00:00,1525,72458.12,0.9777405974740222,78.89554352287445,0.029057643635448382,1.9177276988898857,Unknown,0.020089121826511784,-0.0034600676915160352,4,1,0.020089121826511784,-0.02620962288284586,4,12,0.020089121826511784,-0.029549759226433082,4,20,0.020089121826511784,-0.029549759226433082,4,20,0.027504301795299183,-0.029549759226433082,66,20,0.04888175403943692,-0.029549759226433082,87,20
2026-03-13 11:00:00+00:00,1526,72228.82,0.857181853062067,73.94035763919463,0.025570970372399193,1.9177276988898857,Unknown,0.023327530478830998,-0.006818330965395952,3,4,0.023327530478830998,-0.023118195756209263,3,11,0.023327530478830998,-0.026468935807064366,3,19,0.023327530478830998,-0.026468935807064366,3,19,0.030766250923107863,-0.026468935807064366,65,19,0.05221156873392079,-0.026468935807064366,86,19
2026-03-13 14:00:00+00:00,1529,72382.72,0.7442648306610415,59.355488128101534,0.040129708123671115,1.9177276988898857,Unknown,0.006167217811101796,-0.021296381235742526,1,4,0.006167217811101796,-0.026263450724150792,1,11,0.006167217811101796,-0.02853885568268229,1,16,0.006167217811101796,-0.02853885568268229,1,16,0.029382703496083084,-0.02853885568268229,71,16,0.049974358520928734,-0.02853885568268229,83,16
2026-03-13 15:00:00+00:00,1530,71831.46,0.5728974121297623,51.52878717689575,0.021277920713023146,1.9177276988898857,Unknown,0.00582655566237967,-0.01378546391789907,2,3,0.00582655566237967,-0.01879065245228218,2,10,0.00582655566237967,-0.021083519672299662,2,15,0.00582655566237967,-0.021083519672299662,2,15,0.03728255001360125,-0.021083519672299662,70,15,0.05803223267353877,-0.021083519672299662,82,15
2026-03-13 16:00:00+00:00,1531,71885.57,0.5688785682589115,57.8444208028155,0.02137518051705878,1.9177276988898857,Unknown,0.005069445787242116,-0.014527811353516582,1,2,0.005069445787242116,-0.019529232361933137,1,9,0.005069445787242116,-0.02182037368556731,1,14,0.005069445787242116,-0.02182037368556731,1,14,0.03650176245385544,-0.02182037368556731,69,14,0.057235826327870706,-0.02182037368556731,81,14
2026-03-15 00:00:00+00:00,1563,70985.28,0.8594764214044115,62.17725175238793,0.005002125807902491,1.6031349559779977,Unknown,0.009526904732924968,-0.0017814961073618623,4,1,0.013456451816489369,-0.0017814961073618623,9,1,0.03118562045539584,-0.0017814961073618623,23,1,0.06388578026317565,-0.0017814961073618623,48,1,0.07064450545239803,-0.0017814961073618623,49,1,0.07064450545239803,-0.03087865540574036,49,111
2026-03-15 01:00:00+00:00,1564,70985.83,0.8669034225051842,57.696121241517325,0.002176003117248415,1.6031349559779977,Unknown,0.011479051523381373,1.4087318546196206e-07,4,1,0.013448599530357023,1.4087318546196206e-07,8,1,0.031177630803218025,1.4087318546196206e-07,22,1,0.07063621007178472,1.4087318546196206e-07,48,1,0.07063621007178472,1.4087318546196206e-07,48,1,0.07063621007178472,-0.0308861641823445,48,110
2026-03-15 05:00:00+00:00,1568,71489.68,0.9365772583024856,71.95348590235628,0.006701941525408817,1.6031349559779977,Unknown,0.0063059451378158675,-0.0016216326608259127,4,1,0.006997513487261379,-0.0031569591583007197,12,8,0.0414234614003029,-0.0031569591583007197,23,8,0.06309050481132392,-0.0031569591583007197,44,8,0.06309050481132392,-0.0031569591583007197,44,8,0.06309050481132392,-0.037716352905761884,44,106
2026-03-15 06:00:00+00:00,1569,71458.41,0.8670032594652831,69.54478079638614,0.011842330330684048,1.6031349559779977,Unknown,0.00674630179988614,-0.0006511479894388755,3,1,0.007438172777703695,-0.002720743436636755,11,7,0.04187918538909549,-0.002720743436636755,22,7,0.06355571023760528,-0.002720743436636755,43,7,0.06355571023760528,-0.002720743436636755,43,7,0.06355571023760528,-0.03729526027797145,43,105
2026-03-15 07:00:00+00:00,1570,71453.59,0.8248940592608958,71.34394007424363,0.012138106211226907,1.6031349559779977,Unknown,0.006814213253665893,0.0,2,1,0.00750613090259001,-0.002653470595389137,10,6,0.04194946677976576,-0.002653470595389137,21,6,0.06362745384801524,-0.002653470595389137,42,6,0.06362745384801524,-0.002653470595389137,42,6,0.06362745384801524,-0.03723031970821887,42,104
2026-03-15 08:00:00+00:00,1571,71717.5,0.9384415661444752,74.14946258827396,0.01603541684050991,1.6031349559779977,Unknown,0.003109282950465441,-0.0021931885523058334,1,4,0.0037986544427788616,-0.006323561194966288,9,5,0.038115243838672555,-0.006323561194966288,20,5,0.059713459058109944,-0.006323561194966288,41,5,0.059713459058109944,-0.006323561194966288,41,5,0.059713459058109944,-0.04077317251716797,41,103
2026-03-15 09:00:00+00:00,1572,71791.1,0.9209123738024338,74.63780551687009,0.018296720224177943,1.6031349559779977,Unknown,0.0017842044487408118,-0.007342275017376813,1,4,0.006002136755113017,-0.007342275017376813,12,4,0.03705097149925259,-0.007342275017376813,19,4,0.058627044299362926,-0.007342275017376813,40,4,0.058627044299362926,-0.007342275017376813,40,4,0.058627044299362926,-0.04175656871116336,40,102
2026-03-15 10:00:00+00:00,1573,71783.09,0.8708554046221797,73.08866189791857,0.017183540303843836,1.6031349559779977,Unknown,0.0014614862636869422,-0.007231508144884697,1,3,0.018091726059716956,-0.007231508144884697,12,3,0.037166692044045505,-0.007231508144884697,18,3,0.05874517243545804,-0.007231508144884697,39,3,0.05874517243545804,-0.007231508144884697,39,3,0.05874517243545804,-0.04164964199785758,39,101
2026-03-15 11:00:00+00:00,1574,71839.42,0.8624388571614648,73.98105380695525,0.015377783230357878,1.6031349559779977,Unknown,0.0,-0.008009947741782895,1,2,0.018925264151631538,-0.008009947741782895,12,2,0.036353439379104124,-0.008009947741782895,17,2,0.05791499987054464,-0.008009947741782895,38,2,0.05791499987054464,-0.008009947741782895,38,2,0.05791499987054464,-0.042401093995469236,38,100
2026-03-15 12:00:00+00:00,1575,71610.33,0.7094337383488925,69.49159153948601,0.011722705334894945,1.6031349559779977,Unknown,0.000970251079697523,-0.004836453064802194,1,1,0.022184927789049406,-0.004836453064802194,11,1,0.03966885783098607,-0.004836453064802194,16,1,0.061299396330110445,-0.004836453064802194,37,1,0.061299396330110445,-0.004836453064802194,37,1,0.061299396330110445,-0.039337620703605136,37,99
2026-03-15 13:00:00+00:00,1576,71607.54,0.6878883152286404,60.93424362194315,0.010729970845768877,1.6031349559779977,Unknown,0.005340080108882381,-0.004014381725723183,4,3,0.022224754544004816,-0.004014381725723183,10,3,0.04052617922637771,-0.004014381725723183,24,3,0.061340747077751966,-0.004014381725723183,36,3,0.061340747077751966,-0.004014381725723183,36,3,0.061340747077751966,-0.03930019101340429,36,98
2026-03-15 14:00:00+00:00,1577,71622.03,0.6774936587286305,69.93868872780747,0.014487553828498312,1.6031349559779977,Unknown,0.0051366876923202845,-0.00421588162189758,3,2,0.022017946154276852,-0.00421588162189758,9,2,0.040315668237831365,-0.00421588162189758,23,2,0.06112602505123076,-0.00421588162189758,35,2,0.06112602505123076,-0.007288679195493326,35,72,0.06112602505123076,-0.03949455216502511,35,97
2026-03-15 15:00:00+00:00,1578,71481.24,0.5656300922643636,64.26042452254717,0.012767764960345263,1.6031349559779977,Unknown,0.007116412641974142,-0.002254577564686951,2,1,0.03985801029752689,-0.002254577564686951,12,1,0.04236468197809661,-0.002254577564686951,22,1,0.06321602703030885,-0.002254577564686951,34,1,0.06321602703030885,-0.008729982859838453,34,72,0.06321602703030885,-0.03760273324861179,34,96
2026-03-15 17:00:00+00:00,1580,71819.95,0.7890948361130304,64.17423250439651,0.017034705944077855,1.6031349559779977,Unknown,0.005598026732126699,-0.0069351203948206834,4,1,0.036634389191304115,-0.0069351203948206834,11,1,0.03744878686214634,-0.0069351203948206834,20,1,0.05820179490517611,-0.0069351203948206834,32,1,0.05820179490517611,-0.013404910474039466,32,70,0.05820179490517611,-0.04214149411131575,32,94
2026-03-15 19:00:00+00:00,1582,71549.94,0.5296616106001608,51.63712630808628,0.01202178217821781,1.6031349559779977,Unknown,0.023047678306927968,-0.0016239007328308357,4,1,0.04054636523804208,-0.0016239007328308357,9,1,0.04136383622404158,-0.0016239007328308357,18,1,0.06219516047113383,-0.0016239007328308357,30,1,0.06219516047113383,-0.009681769125173214,30,68,0.06219516047113383,-0.038526796807935776,30,92
2026-03-15 20:00:00+00:00,1583,71730.81,0.7127560202943549,56.84415232003698,0.01306533046557945,1.6031349559779977,Unknown,0.02046805270984675,-0.0014055327132091835,3,1,0.03792261651583192,-0.0014055327132091835,8,1,0.03873802624004952,-0.0014055327132091835,17,1,0.05951682408159064,-0.0014055327132091835,29,1,0.05951682408159064,-0.017158735555892896,29,72,0.05951682408159064,-0.040951161711403956,29,91
2026-03-16 00:00:00+00:00,1587,72531.26,0.9276640105913274,62.43596434944179,0.02177888148078022,1.564434060738952,Unknown,0.02646817386048449,-0.0035963803744756577,4,1,0.02646817386048449,-0.0035963803744756577,4,1,0.04120940405557551,-0.0035963803744756577,24,1,0.04782406923580268,-0.0035963803744756577,25,1,0.04782406923580268,-0.028005304195735672,25,68,0.04782406923580268,-0.05153515877154194,25,87
2026-03-16 01:00:00+00:00,1588,72752.9,0.9727976714892922,64.39276485785263,0.024893277996467678,1.564434060738952,Unknown,0.02334106269303361,-0.005289411143748118,3,1,0.024145016899670118,-0.005289411143748118,12,1,0.044631897835000475,-0.005289411143748118,24,1,0.044631897835000475,-0.005289411143748118,24,1,0.044631897835000475,-0.030966463192532455,24,67,0.044631897835000475,-0.05442463461937584,24,86
2026-03-16 02:00:00+00:00,1589,72514.69,0.8107396682906345,64.2082374973009,0.014893661390615431,1.564434060738952,Unknown,0.026702727405991757,-0.0010848836284068546,2,1,0.02750932259380826,-0.0010848836284068546,11,1,0.0480635027192421,-0.0010848836284068546,23,1,0.0480635027192421,-0.0010848836284068546,23,1,0.0480635027192421,-0.027783198135439897,23,66,0.0480635027192421,-0.05131842941064764,23,85
2026-03-16 07:00:00+00:00,1594,73456.68,0.7789829777425662,66.23234428955796,0.02803344100695293,1.564434060738952,Unknown,0.005201433007862618,-0.007730814951070347,4,1,0.014332801319090533,-0.007730814951070347,6,1,0.03462339980516418,-0.007730814951070347,18,1,0.03462339980516418,-0.007730814951070347,18,1,0.03462339980516418,-0.05415668118951195,18,72,0.03462339980516418,-0.06348408340807109,18,80
2026-03-16 08:00:00+00:00,1595,73135.0,0.6728107420488342,67.678659378192,0.019765050371248316,1.564434060738952,Unknown,0.012429069528953306,-0.0010631024817119026,4,1,0.01879428454228487,-0.001975524714568892,5,6,0.03917413003349969,-0.001975524714568892,17,6,0.03917413003349969,-0.001975524714568892,17,6,0.03917413003349969,-0.04999644493060785,17,71,0.03917413003349969,-0.05936487317973602,17,79
2026-03-16 09:00:00+00:00,1596,73260.92,0.6867333351946516,67.45776823647036,0.020473568450685375,1.564434060738952,Unknown,0.017043193014775214,-0.0007921003449041978,4,1,0.020994549344998694,-0.0036909173403773007,12,5,0.037388009869381955,-0.0036909173403773007,16,5,0.037388009869381955,-0.0036909173403773007,16,5,0.037388009869381955,-0.05162929976855332,16,70,0.037388009869381955,-0.060981625674370356,16,78
2026-03-16 10:00:00+00:00,1597,73783.42,0.7984789390256117,69.57861262080903,0.027866312247076586,1.564434060738952,Unknown,0.009840964270834909,-0.010746316719935105,3,4,0.015133074612155508,-0.010746316719935105,12,4,0.03004170855728837,-0.010746316719935105,15,4,0.03004170855728837,-0.010746316719935105,15,4,0.03004170855728837,-0.058345221731386315,15,69,0.03004170855728837,-0.06763131879763763,15,77
2026-03-16 11:00:00+00:00,1598,73552.77,0.7134667960570186,64.16600410296931,0.023849719276686887,1.564434060738952,Unknown,0.013007667828145697,-0.007644171660700202,2,3,0.018439958141617203,-0.007644171660700202,12,3,0.033271758493935655,-0.007644171660700202,14,3,0.033271758493935655,-0.01023442081107216,14,48,0.033271758493935655,-0.055392339404756734,14,68,0.033271758493935655,-0.06470755622120007,14,76
2026-03-16 12:00:00+00:00,1599,73864.8,0.7766683600184653,61.70116785072526,0.031482469079530784,1.564434060738952,Unknown,0.008728379417530423,-0.011836219687862132,1,2,0.022411622315365275,-0.011836219687862132,12,2,0.028906867682576776,-0.011836219687862132,13,2,0.028906867682576776,-0.021575770867855896,13,48,0.028906867682576776,-0.06443272032145213,13,72,0.028906867682576776,-0.06865854913301055,13,75
2026-03-16 13:00:00+00:00,1600,74109.55,0.8152273843356642,63.08713703013599,0.03494059424468432,1.564434060738952,Unknown,0.004731374026694257,-0.015099673388922194,1,1,0.025508858170100845,-0.015099673388922194,12,1,0.025508858170100845,-0.015099673388922194,12,1,0.025508858170100845,-0.02873516301205449,12,48,0.025508858170100845,-0.06784604683202108,12,72,0.025508858170100845,-0.07173434462899851,12,74
2026-03-16 14:00:00+00:00,1601,73565.54,0.6381483204299179,59.93544668586283,0.027135645275622622,1.564434060738952,Unknown,0.010749326382977865,-0.005503663807809881,4,2,0.0330923962496572,-0.005503663807809881,11,2,0.0330923962496572,-0.005503663807809881,11,2,0.0330923962496572,-0.03351487666643912,11,48,0.0330923962496572,-0.06095285917835986,11,71,0.0330923962496572,-0.0648699105586663,11,73
2026-03-16 15:00:00+00:00,1602,73274.76,0.5178117767126307,54.94734686601476,0.025090779063149826,1.564434060738952,Unknown,0.015610286543415647,-0.0015571528313431703,4,1,0.03719206995696752,-0.0015571528313431703,10,1,0.03719206995696752,-0.0015571528313431703,10,1,0.03719206995696752,-0.032992943272690194,10,48,0.03719206995696752,-0.061158985713497926,10,72,0.03719206995696752,-0.061158985713497926,10,72
2026-03-16 16:00:00+00:00,1603,73760.63,0.6860175826794372,61.28200948964361,0.03252192305565638,1.564434060738952,Unknown,0.008920341379947556,-0.0015174761929230751,3,1,0.03035996303176905,-0.0015174761929230751,9,1,0.03035996303176905,-0.004900175066292171,9,21,0.03035996303176905,-0.039362733208759174,9,47,0.03035996303176905,-0.06734324259432165,9,71,0.03035996303176905,-0.06734324259432165,9,71
2026-03-16 17:00:00+00:00,1604,73943.18,0.7515347889270168,53.980653160311796,0.029563234171006814,1.564434060738952,Unknown,0.011574022107245145,-0.002186002820003135,4,2,0.02781622321355407,-0.002186002820003135,8,2,0.02781622321355407,-0.0073568650956043645,8,20,0.02781622321355407,-0.041734342504609445,8,46,0.02781622321355407,-0.06964577395778743,8,70,0.02781622321355407,-0.06964577395778743,8,70
2026-03-16 18:00:00+00:00,1605,73913.6,0.715138299637931,50.88352594605241,0.035341802337088835,1.564434060738952,Unknown,0.01334517598926313,-0.0017866806649928053,4,1,0.02822755216901888,-0.0017866806649928053,7,1,0.02822755216901888,-0.00695961230409564,7,19,0.02822755216901888,-0.04135084747597193,7,45,0.02822755216901888,-0.0692734489999134,7,69,0.02822755216901888,-0.0692734489999134,7,69
2026-03-16 20:00:00+00:00,1607,74236.9,0.8386353689519479,56.74889571976349,0.03493742786398202,1.564434060738952,Unknown,0.017286955678375602,-0.0011705768963951107,4,1,0.023749644718462193,-0.006100739659118231,5,9,0.023749644718462193,-0.01128428045890914,5,17,0.023749644718462193,-0.05033750062300547,5,48,0.023749644718462193,-0.07332674182246281,5,67,0.023749644718462193,-0.07332674182246281,5,67
2026-03-16 21:00:00+00:00,1608,74401.36,0.8982095266524291,62.50211747763765,0.031781907480254334,1.564434060738952,Unknown,0.021486704006485894,-0.0020315488856654526,4,2,0.021486704006485894,-0.00829769778401901,4,8,0.021486704006485894,-0.013469780659923398,4,16,0.021486704006485894,-0.05243667588872032,4,47,0.021486704006485894,-0.07537510067020273,4,66,0.021486704006485894,-0.07537510067020273,4,66
2026-03-17 03:00:00+00:00,1614,74463.98,0.6104100787123715,54.02484198379843,0.012105747028950065,1.6122090746491784,Unknown,0.00334268998245868,-0.009131663389466907,1,2,0.005774066870989254,-0.01429939683589292,12,10,0.005774066870989254,-0.01429939683589292,12,10,0.005774066870989254,-0.05323352310741376,12,41,0.005774066870989254,-0.07615265796966521,12,60,0.005774066870989254,-0.0837382046997756,12,117
2026-03-17 04:00:00+00:00,1615,74252.01,0.516809959222849,58.431241540735385,0.005639419022959391,1.6122090746491784,Unknown,0.0028010016159833316,-0.006302994356651016,1,1,0.008645287851467018,-0.011485480325717681,11,9,0.008645287851467018,-0.011485480325717681,11,9,0.008645287851467018,-0.05053075330890026,11,40,0.008645287851467018,-0.07351531628571387,11,59,0.008645287851467018,-0.0811225177607986,11,116
2026-03-17 17:00:00+00:00,1628,74523.75,0.5762807666400812,50.80252532981256,0.007851569272514514,1.6122090746491784,Unknown,0.0037068719703450244,-0.0021990305104078183,2,3,0.0037068719703450244,-0.013262751807309743,2,7,0.0037068719703450244,-0.049199617571579445,2,22,0.0037068719703450244,-0.07689360774249812,2,46,0.0037068719703450244,-0.07689360774249812,2,46,0.0037068719703450244,-0.08605578758449484,2,114
2026-03-17 18:00:00+00:00,1629,74683.04,0.6512799257739064,55.8704398301155,0.010409992207117247,1.6122090746491784,Unknown,0.0015660851513276163,-0.010029586369274653,1,4,0.0015660851513276163,-0.015367344446610543,1,6,0.0015660851513276163,-0.051227561170514586,1,21,0.0015660851513276163,-0.07886248336971806,1,45,0.0015660851513276163,-0.07886248336971806,1,45,0.0015660851513276163,-0.08800512137695508,1,113
2026-03-17 19:00:00+00:00,1630,74512.17,0.5839449798814577,56.554418645667496,0.007424928680556553,1.6122090746491784,Unknown,0.0038494382863900186,-0.008594971801250628,2,4,0.0038494382863900186,-0.013109402128538165,2,5,0.0038494382863900186,-0.04905185287181935,2,20,0.0038494382863900186,-0.07675014698941116,2,44,0.0038494382863900186,-0.07675014698941116,2,44,0.0038494382863900186,-0.08591375073360494,2,112
2026-03-17 20:00:00+00:00,1631,74506.75,0.6107045795570774,55.87833124038562,0.0036349847582537453,1.6122090746491784,Unknown,0.003922463400967026,-0.013037610686280095,1,4,0.003922463400967026,-0.013037610686280095,1,4,0.003922463400967026,-0.053777006781264784,1,24,0.003922463400967026,-0.07668298509866547,1,43,0.003922463400967026,-0.07668298509866547,1,43,0.003922463400967026,-0.08625728541373769,1,120
2026-03-17 21:00:00+00:00,1632,74685.42,0.7858253729758216,56.05980601948728,0.003817940962369537,1.6122090746491784,Unknown,0.0011611369394454924,-0.015398721731765017,1,3,0.0011611369394454924,-0.015398721731765017,1,3,0.0011611369394454924,-0.05604065693143318,1,23,0.0011611369394454924,-0.07889183725551778,1,42,0.0011611369394454924,-0.07889183725551778,1,42,0.0011611369394454924,-0.09807483174092071,1,120
2026-04-14 14:00:00+00:00,2297,75013.62,0.7967302602015918,63.277627088956315,0.03609757714590378,2.0753981543523734,Unknown,0.008990100731040639,-0.016239050988340442,2,4,0.008990100731040639,-0.016239050988340442,2,4,0.008990100731040639,-0.019991302912724322,2,17,0.008990100731040639,-0.022712808687275585,2,47,0.04051090988543161,-0.022712808687275585,72,47,0.04425036413387335,-0.022712808687275585,74,47
2026-04-14 15:00:00+00:00,2298,75317.07,0.8956244687010146,64.18690973584513,0.04801229611701374,2.0753981543523734,Unknown,0.004924912772097919,-0.020202591524072906,1,3,0.004924912772097919,-0.020202591524072906,1,3,0.004924912772097919,-0.023939725748757974,1,16,0.004924912772097919,-0.026650266665976266,1,46,0.036318725622226114,-0.026650266665976266,71,46,0.04004311373238487,-0.026650266665976266,73,46
2026-04-14 16:00:00+00:00,2299,74652.2,0.5738107706592347,54.12751850327001,0.03393019286350185,2.0753981543523734,Unknown,0.003972823305944122,-0.01147628603041834,1,2,0.003972823305944122,-0.01147628603041834,1,2,0.003972823305944122,-0.015246704048909437,1,15,0.010352005701104628,-0.017981385679189513,30,45,0.04930598160536465,-0.017981385679189513,72,45,0.04930598160536465,-0.017981385679189513,72,45
2026-04-14 17:00:00+00:00,2300,74748.9,0.6128469082499294,53.92920285457923,0.03603701624155731,2.0753981543523734,Unknown,0.0008841601682434265,-0.012755104088488166,1,1,0.0008841601682434265,-0.012755104088488166,1,1,0.0008841601682434265,-0.016520644450955056,1,14,0.009044949156442515,-0.01925178832063065,29,44,0.04794853168407837,-0.01925178832063065,71,44,0.04794853168407837,-0.01925178832063065,71,44
2026-04-15 00:00:00+00:00,2307,74568.36,0.5261942168615532,50.77528893476673,0.005454681271811479,1.7545474845572908,Unknown,0.0029283197323905284,-0.005291922740422353,1,3,0.0029283197323905284,-0.014139509035735808,1,7,0.011487982302413508,-0.014139509035735808,22,7,0.012959920266450733,-0.016877265370996423,44,37,0.05048575562074852,-0.016877265370996423,64,37,0.05048575562074852,-0.016877265370996423,64,37
2026-04-15 01:00:00+00:00,2308,74613.28,0.5423787916995135,52.544525980458474,0.00305514396387907,1.7545474845572908,Unknown,0.0011283514141182686,-0.010042046134414733,1,4,0.0011283514141182686,-0.014733034119395352,1,6,0.010879028505381364,-0.014733034119395352,21,6,0.01235008030741975,-0.01746914222240321,43,36,0.04985332369787256,-0.01746914222240321,63,36,0.04985332369787256,-0.01746914222240321,63,36
